# h_obs,2.077820e-01,2.077818e-01,2.077816e-01,2.077815e-01,2.077813e-01,2.077811e-01,2.077809e-01,2.077807e-01,2.077805e-01,2.077803e-01,2.077801e-01,2.077799e-01,2.077796e-01,2.077794e-01,2.077791e-01,2.077788e-01,2.077785e-01,2.077782e-01,2.077779e-01,2.077775e-01,2.077772e-01,2.077768e-01,2.077763e-01,2.077758e-01,2.077752e-01,2.077746e-01,2.077737e-01,2.077727e-01,2.077716e-01,2.077704e-01,2.077691e-01,2.077676e-01,2.077658e-01,2.077636e-01,2.077607e-01,2.077565e-01,2.077482e-01,2.077083e-01,2.073506e-01,2.071675e-01,2.070555e-01,2.068964e-01,2.064305e-01,2.047723e-01,2.039827e-01,2.037390e-01,2.036050e-01,2.034981e-01,2.033869e-01,2.032367e-01,2.029397e-01,2.020907e-01,2.005570e-01,1.999821e-01,1.996905e-01,1.993680e-01,1.986332e-01,1.971807e-01,1.965125e-01,1.962492e-01,1.960922e-01,1.959663e-01,1.958385e-01,1.956743e-01,1.953923e-01,1.946877e-01,1.933797e-01,1.927026e-01,1.924136e-01,1.922310e-01,1.920680e-01,1.918694e-01,1.915325e-01,1.907479e-01,1.895952e-01,1.890048e-01,1.887370e-01,1.885770e-01,1.884567e-01,1.883483e-01,1.882335e-01,1.880897e-01,1.878705e-01,1.874434e-01,1.865330e-01,1.855971e-01,1.851350e-01,1.848991e-01,1.847465e-01,1.846259e-01,1.845126e-01,1.843879e-01,1.842261e-01,1.839720e-01,1.834828e-01,1.825950e-01,1.818041e-01,1.813910e-01,1.811675e-01,1.810232e-01,1.809143e-01,1.808211e-01,1.807319e-01,1.806372e-01,1.805252e-01,1.803756e-01,1.801449e-01,1.797290e-01,1.789864e-01,1.781988e-01,1.777214e-01,1.774582e-01,1.772937e-01,1.771756e-01,1.770800e-01,1.769946e-01,1.769108e-01,1.768211e-01,1.767157e-01,1.765790e-01,1.763797e-01,1.760498e-01,1.754759e-01,1.747308e-01,1.741632e-01,1.738292e-01,1.736267e-01,1.734898e-01,1.733871e-01,1.733029e-01,1.732283e-01,1.731575e-01,1.730858e-01,1.730083e-01,1.729186e-01,1.728067e-01,1.726546e-01,1.724270e-01,1.720550e-01,1.714720e-01,1.708206e-01,1.703396e-01,1.700404e-01,1.698496e-01,1.697171e-01,1.696170e-01,1.695355e-01,1.694648e-01,1.693998e-01,1.693366e-01,1.692722e-01,1.692028e-01,1.691240e-01,1.690291e-01,1.689071e-01,1.687383e-01,1.684858e-01,1.680914e-01,1.675373e-01,1.669720e-01
# sigma2_obs,0.000000e+00,6.105804e-21,2.652164e-20,6.503587e-20,1.265085e-19,2.172223e-19,3.453776e-19,5.217639e-19,7.607397e-19,1.081511e-18,1.509331e-18,2.074986e-18,2.814605e-18,3.776148e-18,5.025873e-18,6.657266e-18,8.801379e-18,1.164743e-17,1.547898e-17,2.073516e-17,2.811900e-17,3.880951e-17,5.490043e-17,8.039134e-17,1.236800e-16,2.046738e-16,3.767305e-16,7.666063e-16,1.496778e-15,2.754418e-15,4.957319e-15,8.971562e-15,1.691292e-14,3.479062e-14,8.409365e-14,2.804667e-13,2.051635e-12,1.874549e-10,1.372539e-09,2.219974e-10,2.562395e-10,1.072146e-09,1.893846e-08,5.000211e-08,2.980514e-09,5.708855e-10,2.662732e-10,2.307127e-10,3.342230e-10,8.576063e-10,4.757417e-09,5.583401e-08,2.262742e-08,3.031223e-09,1.941528e-09,5.143661e-09,4.550764e-08,3.769912e-08,4.098393e-09,1.016126e-09,5.039308e-10,4.219684e-10,5.639768e-10,1.237603e-09,5.149000e-09,4.111475e-08,3.595124e-08,5.062686e-09,1.428420e-09,8.630873e-10,9.922685e-10,2.102255e-09,8.715852e-09,5.047582e-08,3.027503e-08,5.103792e-09,1.398457e-09,6.453347e-10,4.483708e-10,4.412899e-10,6.030778e-10,1.167835e-09,3.443540e-09,1.650125e-08,5.244633e-08,1.864698e-08,4.003514e-09,1.349627e-09,7.159269e-10,5.542488e-10,5.987284e-10,8.894898e-10,1.852289e-09,5.697636e-09,2.439109e-08,4.814550e-08,1.670920e-08,4.200210e-09,1.473254e-09,7.301565e-10,4.818797e-10,4.061174e-10,4.269294e-10,5.554074e-10,9.020282e-10,1.883510e-09,5.297704e-09,1.934786e-08,4.514378e-08,2.423429e-08,6.969362e-09,2.356625e-09,1.071663e-09,6.349039e-10,4.715432e-10,4.275664e-10,4.661354e-10,6.079770e-10,9.549435e-10,1.843488e-09,4.510470e-09,1.384261e-08,3.747941e-08,3.596399e-08,1.371993e-08,4.598982e-09,1.872785e-09,9.560273e-10,5.953287e-10,4.401802e-10,3.790144e-10,3.752941e-10,4.245171e-10,5.481908e-10,8.131616e-10,1.405713e-09,2.895611e-09,7.219627e-09,2.011511e-08,3.965249e-08,3.049831e-08,1.251492e-08,4.743021e-09,2.083729e-09,1.096433e-09,6.799754e-10,4.871142e-10,3.966712e-10,3.629954e-10,3.704741e-10,4.200366e-10,5.289552e-10,7.429734e-10,1.174863e-09,2.121968e-09,4.444028e-09,1.067553e-08,2.547632e-08,3.880122e-08,2.752167e-08
iter,rho_vap0,f0_m,h_pred_t0,h_pred_t1,h_pred_t2,h_pred_t3,h_pred_t4,h_pred_t5,h_pred_t6,h_pred_t7,h_pred_t8,h_pred_t9,h_pred_t10,h_pred_t11,h_pred_t12,h_pred_t13,h_pred_t14,h_pred_t15,h_pred_t16,h_pred_t17,h_pred_t18,h_pred_t19,h_pred_t20,h_pred_t21,h_pred_t22,h_pred_t23,h_pred_t24,h_pred_t25,h_pred_t26,h_pred_t27,h_pred_t28,h_pred_t29,h_pred_t30,h_pred_t31,h_pred_t32,h_pred_t33,h_pred_t34,h_pred_t35,h_pred_t36,h_pred_t37,h_pred_t38,h_pred_t39,h_pred_t40,h_pred_t41,h_pred_t42,h_pred_t43,h_pred_t44,h_pred_t45,h_pred_t46,h_pred_t47,h_pred_t48,h_pred_t49,h_pred_t50,h_pred_t51,h_pred_t52,h_pred_t53,h_pred_t54,h_pred_t55,h_pred_t56,h_pred_t57,h_pred_t58,h_pred_t59,h_pred_t60,h_pred_t61,h_pred_t62,h_pred_t63,h_pred_t64,h_pred_t65,h_pred_t66,h_pred_t67,h_pred_t68,h_pred_t69,h_pred_t70,h_pred_t71,h_pred_t72,h_pred_t73,h_pred_t74,h_pred_t75,h_pred_t76,h_pred_t77,h_pred_t78,h_pred_t79,h_pred_t80,h_pred_t81,h_pred_t82,h_pred_t83,h_pred_t84,h_pred_t85,h_pred_t86,h_pred_t87,h_pred_t88,h_pred_t89,h_pred_t90,h_pred_t91,h_pred_t92,h_pred_t93,h_pred_t94,h_pred_t95,h_pred_t96,h_pred_t97,h_pred_t98,h_pred_t99,h_pred_t100,h_pred_t101,h_pred_t102,h_pred_t103,h_pred_t104,h_pred_t105,h_pred_t106,h_pred_t107,h_pred_t108,h_pred_t109,h_pred_t110,h_pred_t111,h_pred_t112,h_pred_t113,h_pred_t114,h_pred_t115,h_pred_t116,h_pred_t117,h_pred_t118,h_pred_t119,h_pred_t120,h_pred_t121,h_pred_t122,h_pred_t123,h_pred_t124,h_pred_t125,h_pred_t126,h_pred_t127,h_pred_t128,h_pred_t129,h_pred_t130,h_pred_t131,h_pred_t132,h_pred_t133,h_pred_t134,h_pred_t135,h_pred_t136,h_pred_t137,h_pred_t138,h_pred_t139,h_pred_t140,h_pred_t141,h_pred_t142,h_pred_t143,h_pred_t144,h_pred_t145,h_pred_t146,h_pred_t147,h_pred_t148,h_pred_t149,h_pred_t150,h_pred_t151,h_pred_t152,h_pred_t153,h_pred_t154,h_pred_t155,h_pred_t156,h_pred_t157,h_pred_t158,h_pred_t159,var_pred_t0,var_pred_t1,var_pred_t2,var_pred_t3,var_pred_t4,var_pred_t5,var_pred_t6,var_pred_t7,var_pred_t8,var_pred_t9,var_pred_t10,var_pred_t11,var_pred_t12,var_pred_t13,var_pred_t14,var_pred_t15,var_pred_t16,var_pred_t17,var_pred_t18,var_pred_t19,var_pred_t20,var_pred_t21,var_pred_t22,var_pred_t23,var_pred_t24,var_pred_t25,var_pred_t26,var_pred_t27,var_pred_t28,var_pred_t29,var_pred_t30,var_pred_t31,var_pred_t32,var_pred_t33,var_pred_t34,var_pred_t35,var_pred_t36,var_pred_t37,var_pred_t38,var_pred_t39,var_pred_t40,var_pred_t41,var_pred_t42,var_pred_t43,var_pred_t44,var_pred_t45,var_pred_t46,var_pred_t47,var_pred_t48,var_pred_t49,var_pred_t50,var_pred_t51,var_pred_t52,var_pred_t53,var_pred_t54,var_pred_t55,var_pred_t56,var_pred_t57,var_pred_t58,var_pred_t59,var_pred_t60,var_pred_t61,var_pred_t62,var_pred_t63,var_pred_t64,var_pred_t65,var_pred_t66,var_pred_t67,var_pred_t68,var_pred_t69,var_pred_t70,var_pred_t71,var_pred_t72,var_pred_t73,var_pred_t74,var_pred_t75,var_pred_t76,var_pred_t77,var_pred_t78,var_pred_t79,var_pred_t80,var_pred_t81,var_pred_t82,var_pred_t83,var_pred_t84,var_pred_t85,var_pred_t86,var_pred_t87,var_pred_t88,var_pred_t89,var_pred_t90,var_pred_t91,var_pred_t92,var_pred_t93,var_pred_t94,var_pred_t95,var_pred_t96,var_pred_t97,var_pred_t98,var_pred_t99,var_pred_t100,var_pred_t101,var_pred_t102,var_pred_t103,var_pred_t104,var_pred_t105,var_pred_t106,var_pred_t107,var_pred_t108,var_pred_t109,var_pred_t110,var_pred_t111,var_pred_t112,var_pred_t113,var_pred_t114,var_pred_t115,var_pred_t116,var_pred_t117,var_pred_t118,var_pred_t119,var_pred_t120,var_pred_t121,var_pred_t122,var_pred_t123,var_pred_t124,var_pred_t125,var_pred_t126,var_pred_t127,var_pred_t128,var_pred_t129,var_pred_t130,var_pred_t131,var_pred_t132,var_pred_t133,var_pred_t134,var_pred_t135,var_pred_t136,var_pred_t137,var_pred_t138,var_pred_t139,var_pred_t140,var_pred_t141,var_pred_t142,var_pred_t143,var_pred_t144,var_pred_t145,var_pred_t146,var_pred_t147,var_pred_t148,var_pred_t149,var_pred_t150,var_pred_t151,var_pred_t152,var_pred_t153,var_pred_t154,var_pred_t155,var_pred_t156,var_pred_t157,var_pred_t158,var_pred_t159
1,1.600000e+09,0.550000,0.000000e+00,2.077818e-01,2.077816e-01,2.077815e-01,2.077813e-01,2.077811e-01,2.077809e-01,2.077807e-01,2.077805e-01,2.077803e-01,2.077801e-01,2.077799e-01,2.077796e-01,2.077794e-01,2.077791e-01,2.077789e-01,2.077786e-01,2.077783e-01,2.077781e-01,2.077778e-01,2.077775e-01,2.077772e-01,2.077769e-01,2.077765e-01,2.077762e-01,2.077758e-01,2.077755e-01,2.077750e-01,2.077746e-01,2.077741e-01,2.077736e-01,2.077730e-01,2.077724e-01,2.077716e-01,2.077708e-01,2.077700e-01,2.077690e-01,2.077681e-01,2.077671e-01,2.077659e-01,2.077647e-01,2.077634e-01,2.077620e-01,2.077604e-01,2.077585e-01,2.077564e-01,2.077539e-01,2.077507e-01,2.077461e-01,2.077382e-01,2.077154e-01,2.075403e-01,2.072466e-01,2.071178e-01,2.070214e-01,2.069001e-01,2.066609e-01,2.058711e-01,2.044447e-01,2.039197e-01,2.037158e-01,2.035982e-01,2.035104e-01,2.034315e-01,2.033481e-01,2.032443e-01,2.030846e-01,2.027548e-01,2.018553e-01,2.005444e-01,2.000363e-01,1.998047e-01,1.996382e-01,1.994640e-01,1.992028e-01,1.986266e-01,1.974106e-01,1.966194e-01,1.963029e-01,1.961353e-01,1.960212e-01,1.959280e-01,1.958394e-01,1.957425e-01,1.956190e-01,1.954301e-01,1.950606e-01,1.941899e-01,1.931317e-01,1.926352e-01,1.924001e-01,1.922545e-01,1.921424e-01,1.920391e-01,1.919273e-01,1.917842e-01,1.915628e-01,1.911360e-01,1.902646e-01,1.893684e-01,1.889200e-01,1.886935e-01,1.885542e-01,1.884533e-01,1.883705e-01,1.882949e-01,1.882188e-01,1.881347e-01,1.880314e-01,1.878887e-01,1.876602e-01,1.872273e-01,1.864175e-01,1.855998e-01,1.851553e-01,1.849204e-01,1.847746e-01,1.846698e-01,1.845849e-01,1.845088e-01,1.844343e-01,1.843547e-01,1.842616e-01,1.841415e-01,1.839676e-01,1.836798e-01,1.831527e-01,1.823611e-01,1.817161e-01,1.813556e-01,1.811489e-01,1.810146e-01,1.809170e-01,1.808391e-01,1.807721e-01,1.807103e-01,1.806498e-01,1.805867e-01,1.805169e-01,1.804342e-01,1.803290e-01,1.801827e-01,1.799575e-01,1.795757e-01,1.789502e-01,1.782535e-01,1.777766e-01,1.774980e-01,1.773248e-01,1.772056e-01,1.771160e-01,1.770432e-01,1.769804e-01,1.769229e-01,1.768674e-01,1.768112e-01,1.767514e-01,1.766844e-01,1.766050e-01,1.765050e-01,0.000000e+00,6.105804e-21,2.652166e-20,6.503590e-20,1.265085e-19,2.172219e-19,3.453762e-19,5.217553e-19,7.606824e-19,1.081126e-18,1.506846e-18,2.061692e-18,2.765389e-18,3.640834e-18,4.716690e-18,6.030708e-18,7.628718e-18,9.566416e-18,1.191672e-17,1.477710e-17,1.827606e-17,2.258430e-17,2.793135e-17,3.463187e-17,4.312560e-17,5.404356e-17,6.831911e-17,8.737959e-17,1.134922e-16,1.504252e-16,2.047831e-16,2.888038e-16,4.258091e-16,6.561080e-16,1.024959e-15,1.565181e-15,2.328975e-15,3.402378e-15,4.914101e-15,7.064482e-15,1.017554e-14,1.477661e-14,2.176826e-14,3.277246e-14,5.096154e-14,8.328584e-14,1.474826e-13,2.996109e-13,7.857302e-13,3.517398e-12,5.836985e-11,3.691454e-09,8.462797e-10,2.871298e-10,3.157250e-10,8.073477e-10,4.904293e-09,6.768208e-08,2.677732e-08,2.630086e-09,6.388721e-10,2.930976e-10,2.099227e-10,2.123551e-10,2.914326e-10,5.518424e-10,1.709475e-09,8.735615e-09,7.037434e-08,2.256882e-08,3.102825e-09,1.164512e-09,9.942513e-10,1.679582e-09,5.570737e-09,3.611105e-08,6.119775e-08,8.845861e-09,1.830324e-09,6.864946e-10,3.984144e-10,3.252267e-10,3.553136e-10,5.121308e-10,9.994665e-10,2.869252e-09,1.373184e-08,6.256061e-08,2.403563e-08,4.241517e-09,1.296630e-09,6.606539e-10,5.044496e-10,5.406971e-10,7.906159e-10,1.595439e-09,4.704812e-09,2.079705e-08,5.989759e-08,2.163400e-08,4.586030e-09,1.431289e-09,6.524704e-10,4.008312e-10,3.138430e-10,3.025140e-10,3.523853e-10,4.946813e-10,8.503443e-10,1.862958e-09,5.538354e-09,2.194351e-08,5.195794e-08,2.162399e-08,5.302264e-09,1.738992e-09,7.986530e-10,4.842341e-10,3.692302e-10,3.425864e-10,3.790229e-10,4.958749e-10,7.710255e-10,1.454974e-09,3.459212e-09,1.063823e-08,3.451600e-08,4.421867e-08,1.590842e-08,4.653803e-09,1.722621e-09,8.236332e-10,4.882273e-10,3.460740e-10,2.857676e-10,2.699336e-10,2.882986e-10,3.462677e-10,4.683104e-10,7.198180e-10,1.281302e-09,2.718244e-09,7.054681e-09,2.097714e-08,4.361302e-08,2.973768e-08,1.022066e-08,3.563351e-09,1.524039e-09,7.989058e-10,4.984987e-10,3.606896e-10,2.966570e-10,2.733271e-10,2.792452e-10,3.144236e-10,3.894635e-10,5.322239e-10,8.091854e-10,1.389066e-09
2,1.463901e+09,0.757289,0.000000e+00,2.077818e-01,2.077816e-01,2.077815e-01,2.077813e-01,2.077811e-01,2.077809e-01,2.077807e-01,2.077805e-01,2.077803e-01,2.077801e-01,2.077799e-01,2.077796e-01,2.077794e-01,2.077791e-01,2.077788e-01,2.077785e-01,2.077782e-01,2.077779e-01,2.077776e-01,2.077772e-01,2.077768e-01,2.077764e-01,2.077760e-01,2.077754e-01,2.077749e-01,2.077742e-01,2.077733e-01,2.077724e-01,2.077713e-01,2.077701e-01,2.077689e-01,2.077675e-01,2.077659e-01,2.077639e-01,2.077616e-01,2.077585e-01,2.077540e-01,2.077454e-01,2.077065e-01,2.073707e-01,2.071757e-01,2.070671e-01,2.069344e-01,2.066333e-01,2.053999e-01,2.041595e-01,2.038086e-01,2.036482e-01,2.035374e-01,2.034366e-01,2.033212e-01,2.031492e-01,2.027816e-01,2.016819e-01,2.003702e-01,1.999121e-01,1.996444e-01,1.993309e-01,1.986312e-01,1.972333e-01,1.965357e-01,1.962605e-01,1.961013e-01,1.959791e-01,1.958626e-01,1.957260e-01,1.955240e-01,1.951149e-01,1.940731e-01,1.929957e-01,1.925500e-01,1.923249e-01,1.921622e-01,1.920036e-01,1.917984e-01,1.914368e-01,1.906138e-01,1.895279e-01,1.889809e-01,1.887242e-01,1.885689e-01,1.884530e-01,1.883510e-01,1.882471e-01,1.881249e-01,1.879556e-01,1.876683e-01,1.870640e-01,1.860520e-01,1.853505e-01,1.850138e-01,1.848229e-01,1.846892e-01,1.845776e-01,1.844693e-01,1.843477e-01,1.841888e-01,1.839415e-01,1.834778e-01,1.826417e-01,1.818483e-01,1.814158e-01,1.811817e-01,1.810329e-01,1.809231e-01,1.808320e-01,1.807481e-01,1.806632e-01,1.805689e-01,1.804530e-01,1.802932e-01,1.800405e-01,1.795842e-01,1.788270e-01,1.781018e-01,1.776707e-01,1.774266e-01,1.772704e-01,1.771569e-01,1.770650e-01,1.769832e-01,1.769042e-01,1.768213e-01,1.767272e-01,1.766103e-01,1.764500e-01,1.762035e-01,1.757849e-01,1.751248e-01,1.744480e-01,1.739986e-01,1.737318e-01,1.735617e-01,1.734416e-01,1.733486e-01,1.732708e-01,1.732010e-01,1.731346e-01,1.730675e-01,1.729957e-01,1.729140e-01,1.728148e-01,1.726849e-01,1.724999e-01,1.722118e-01,1.717475e-01,1.711204e-01,1.705543e-01,1.701753e-01,1.699368e-01,1.697776e-01,1.696625e-01,1.695727e-01,1.694980e-01,1.694321e-01,1.693710e-01,1.693115e-01,1.692507e-01,1.691858e-01,0.000000e+00,6.105804e-21,2.652163e-20,6.503581e-20,1.265084e-19,2.172217e-19,3.453764e-19,5.217611e-19,7.607278e-19,1.081441e-18,1.508894e-18,2.072660e-18,2.805837e-18,3.751482e-18,4.968151e-18,6.537252e-18,8.570136e-18,1.122297e-17,1.472371e-17,1.941425e-17,2.582081e-17,3.478435e-17,4.771261e-17,6.710196e-17,9.771490e-17,1.495269e-16,2.459461e-16,4.465312e-16,8.666940e-16,1.595585e-15,2.793650e-15,4.780088e-15,8.165191e-15,1.427157e-14,2.626376e-14,5.288393e-14,1.248135e-13,4.043422e-13,2.799250e-12,1.918785e-10,1.879326e-09,2.762914e-10,2.461390e-10,7.298904e-10,7.092985e-09,9.549245e-08,8.688821e-09,1.100558e-09,3.767818e-10,2.496602e-10,2.725153e-10,4.699402e-10,1.522061e-09,8.905288e-09,8.305309e-08,1.434576e-08,2.653967e-09,2.072572e-09,5.713434e-09,4.589051e-08,4.535378e-08,5.207909e-09,1.233043e-09,5.686619e-10,4.302504e-10,4.973924e-10,8.760494e-10,2.549466e-09,1.455915e-08,6.862485e-08,1.647199e-08,2.989720e-09,1.168580e-09,8.836109e-10,1.180964e-09,2.754892e-09,1.187364e-08,5.815957e-08,2.898082e-08,5.210702e-09,1.490969e-09,6.898180e-10,4.655960e-10,4.316578e-10,5.356814e-10,8.947806e-10,2.105268e-09,7.594230e-09,3.640526e-08,4.405230e-08,1.037722e-08,2.694437e-09,1.103145e-09,6.714603e-10,5.708307e-10,6.539969e-10,9.995577e-10,2.077985e-09,6.155506e-09,2.459255e-08,5.173605e-08,2.054569e-08,5.294921e-09,1.813625e-09,8.620463e-10,5.387103e-10,4.240668e-10,4.094198e-10,4.782914e-10,6.756717e-10,1.171346e-09,2.575602e-09,7.469990e-09,2.588992e-08,4.739858e-08,2.219650e-08,6.604948e-09,2.359964e-09,1.110896e-09,6.678945e-10,4.951124e-10,4.413026e-10,4.655592e-10,5.772275e-10,8.430857e-10,1.470371e-09,3.139248e-09,8.365411e-09,2.501516e-08,4.554671e-08,2.733803e-08,9.539984e-09,3.493500e-09,1.571296e-09,8.655187e-10,5.684838e-10,4.350860e-10,3.815938e-10,3.792668e-10,4.244918e-10,5.343015e-10,7.595621e-10,1.233054e-09,2.327488e-09,5.207833e-09,1.356168e-08,3.296516e-08,4.135834e-08,2.233414e-08,8.684423e-09,3.558203e-09,1.712447e-09,9.708983e-10,6.370205e-10,4.752985e-10,3.978136e-10,3.697879e-10,3.791719e-10,4.272605e-10,5.287739e-10
3,1.403054e+09,0.916144,0.000000e+00,2.077818e-01,2.077816e-01,2.077815e-01,2.077813e-01,2.077811e-01,2.077809e-01,2.077807e-01,2.077805e-01,2.077803e-01,2.077801e-01,2.077799e-01,2.077796e-01,2.077794e-01,2.077791e-01,2.077788e-01,2.077785e-01,2.077782e-01,2.077778e-01,2.077774e-01,2.077770e-01,2.077765e-01,2.077759e-01,2.077753e-01,2.077744e-01,2.077734e-01,2.077722e-01,2.077709e-01,2.077694e-01,2.077677e-01,2.077655e-01,2.077627e-01,2.077583e-01,2.077489e-01,2.076757e-01,2.072807e-01,2.071352e-01,2.070119e-01,2.067676e-01,2.056567e-01,2.041915e-01,2.038139e-01,2.036488e-01,2.035307e-01,2.034140e-01,2.032602e-01,2.029548e-01,2.020504e-01,2.004827e-01,1.999171e-01,1.995768e-01,1.990334e-01,1.976031e-01,1.966424e-01,1.963106e-01,1.961320e-01,1.959957e-01,1.958600e-01,1.956852e-01,1.953745e-01,1.945449e-01,1.932137e-01,1.926192e-01,1.923478e-01,1.921514e-01,1.919381e-01,1.915912e-01,1.907659e-01,1.895688e-01,1.889898e-01,1.887289e-01,1.885694e-01,1.884453e-01,1.883279e-01,1.881948e-01,1.880112e-01,1.876864e-01,1.869508e-01,1.858583e-01,1.852401e-01,1.849479e-01,1.847701e-01,1.846319e-01,1.844997e-01,1.843457e-01,1.841246e-01,1.837212e-01,1.829008e-01,1.819773e-01,1.814722e-01,1.812135e-01,1.810531e-01,1.809344e-01,1.808330e-01,1.807348e-01,1.806275e-01,1.804946e-01,1.803041e-01,1.799789e-01,1.793500e-01,1.784718e-01,1.778574e-01,1.775289e-01,1.773349e-01,1.772004e-01,1.770931e-01,1.769967e-01,1.769000e-01,1.767920e-01,1.766569e-01,1.764649e-01,1.761493e-01,1.755831e-01,1.748021e-01,1.741950e-01,1.738435e-01,1.736339e-01,1.734929e-01,1.733865e-01,1.732979e-01,1.732176e-01,1.731389e-01,1.730558e-01,1.729609e-01,1.728431e-01,1.726821e-01,1.724364e-01,1.720242e-01,1.713834e-01,1.707218e-01,1.702670e-01,1.699906e-01,1.698128e-01,1.696868e-01,1.695888e-01,1.695065e-01,1.694322e-01,1.693607e-01,1.692876e-01,1.692080e-01,1.691156e-01,1.690004e-01,1.688449e-01,1.686155e-01,1.682520e-01,1.677047e-01,1.670959e-01,1.666250e-01,1.663180e-01,1.661179e-01,1.659783e-01,1.658733e-01,1.657887e-01,1.657163e-01,1.656510e-01,1.655891e-01,1.655276e-01,1.654637e-01,1.653940e-01,1.653142e-01,0.000000e+00,6.105804e-21,2.652164e-20,6.503580e-20,1.265084e-19,2.172220e-19,3.453774e-19,5.217669e-19,7.607642e-19,1.081687e-18,1.510519e-18,2.081374e-18,2.839152e-18,3.846656e-18,5.194157e-18,7.015150e-18,9.510184e-18,1.299191e-17,1.796890e-17,2.531051e-17,3.659258e-17,5.490314e-17,8.694330e-17,1.494234e-16,2.920572e-16,6.673659e-16,1.459884e-15,2.937950e-15,5.778836e-15,1.160843e-14,2.534604e-14,6.617670e-14,2.519905e-13,2.586370e-12,8.319851e-10,5.940637e-10,1.845448e-10,3.911183e-10,3.405017e-09,9.221689e-08,9.111908e-09,9.691238e-10,3.330425e-10,2.462392e-10,3.304123e-10,8.303293e-10,4.829743e-09,6.388370e-08,2.070254e-08,3.290979e-09,3.489127e-09,2.127610e-08,7.102576e-08,7.237445e-09,1.377515e-09,5.919541e-10,4.595048e-10,5.993433e-10,1.357488e-09,6.336426e-09,5.479532e-08,2.780848e-08,4.013215e-09,1.416374e-09,1.183670e-09,2.155252e-09,8.813504e-09,5.549835e-08,2.938795e-08,4.706842e-09,1.325251e-09,6.464501e-10,4.858019e-10,5.331220e-10,8.508558e-10,2.076828e-09,8.637563e-09,4.584260e-08,3.308104e-08,6.538705e-09,1.882454e-09,9.249450e-10,7.159865e-10,8.312845e-10,1.435469e-09,3.824814e-09,1.615621e-08,5.258857e-08,2.523073e-08,5.865086e-09,1.853690e-09,8.641815e-10,5.562732e-10,4.714957e-10,5.137062e-10,7.164540e-10,1.301992e-09,3.222307e-09,1.130360e-08,4.021972e-08,3.759842e-08,1.130707e-08,3.397212e-09,1.406840e-09,7.931258e-10,5.829665e-10,5.423494e-10,6.290438e-10,9.085293e-10,1.658676e-09,3.949729e-09,1.238244e-08,3.774211e-08,4.039641e-08,1.527313e-08,4.925344e-09,1.965808e-09,1.005228e-09,6.385276e-10,4.896364e-10,4.446590e-10,4.730890e-10,5.877708e-10,8.569936e-10,1.488320e-09,3.155890e-09,8.313506e-09,2.435925e-08,4.388453e-08,2.805473e-08,1.055863e-08,3.994082e-09,1.817513e-09,1.006724e-09,6.644436e-10,5.120041e-10,4.539058e-10,4.586334e-10,5.257742e-10,6.841546e-10,1.016770e-09,1.748172e-09,3.539629e-09,8.490380e-09,2.200330e-08,4.075150e-08,3.329722e-08,1.534242e-08,6.231908e-09,2.799283e-09,1.466709e-09,8.912319e-10,6.181624e-10,4.825974e-10,4.196300e-10,4.034530e-10,4.270499e-10,4.968446e-10,6.362810e-10,9.014268e-10
4,1.435602e+09,0.826586,0.000000e+00,2.077818e-01,2.077816e-01,2.077815e-01,2.077813e-01,2.077811e-01,2.077809e-01,2.077807e-01,2.077805e-01,2.077803e-01,2.077801e-01,2.077799e-01,2.077796e-01,2.077794e-01,2.077791e-01,2.077788e-01,2.077785e-01,2.077782e-01,2.077779e-01,2.077775e-01,2.077771e-01,2.077767e-01,2.077762e-01,2.077757e-01,2.077751e-01,2.077743e-01,2.077734e-01,2.077723e-01,2.077712e-01,2.077699e-01,2.077685e-01,2.077668e-01,2.077649e-01,2.077623e-01,2.077589e-01,2.077532e-01,2.077384e-01,2.075629e-01,2.072362e-01,2.071111e-01,2.069901e-01,2.067523e-01,2.057686e-01,2.042636e-01,2.038410e-01,2.036655e-01,2.035482e-01,2.034414e-01,2.033162e-01,2.031163e-01,2.026538e-01,2.012508e-01,2.001929e-01,1.998082e-01,1.995066e-01,1.989843e-01,1.976407e-01,1.966680e-01,1.963220e-01,1.961406e-01,1.960081e-01,1.958845e-01,1.957399e-01,1.955213e-01,1.950527e-01,1.938726e-01,1.928869e-01,1.924942e-01,1.922794e-01,1.921067e-01,1.919128e-01,1.916069e-01,1.909235e-01,1.897512e-01,1.890707e-01,1.887710e-01,1.885992e-01,1.884743e-01,1.883650e-01,1.882527e-01,1.881169e-01,1.879190e-01,1.875541e-01,1.867538e-01,1.857407e-01,1.851958e-01,1.849277e-01,1.847612e-01,1.846330e-01,1.845147e-01,1.843857e-01,1.842186e-01,1.839556e-01,1.834481e-01,1.825493e-01,1.817781e-01,1.813774e-01,1.811584e-01,1.810155e-01,1.809069e-01,1.808132e-01,1.807231e-01,1.806269e-01,1.805124e-01,1.803584e-01,1.801189e-01,1.796844e-01,1.789237e-01,1.781526e-01,1.776933e-01,1.774381e-01,1.772765e-01,1.771588e-01,1.770624e-01,1.769748e-01,1.768876e-01,1.767923e-01,1.766777e-01,1.765244e-01,1.762926e-01,1.758973e-01,1.752409e-01,1.745219e-01,1.740368e-01,1.737535e-01,1.735758e-01,1.734512e-01,1.733547e-01,1.732733e-01,1.731994e-01,1.731275e-01,1.730530e-01,1.729703e-01,1.728719e-01,1.727452e-01,1.725662e-01,1.722874e-01,1.718281e-01,1.711827e-01,1.705874e-01,1.701912e-01,1.699453e-01,1.697827e-01,1.696652e-01,1.695732e-01,1.694959e-01,1.694268e-01,1.693614e-01,1.692961e-01,1.692274e-01,1.691511e-01,1.690613e-01,1.689486e-01,1.687969e-01,1.685758e-01,1.682331e-01,1.677235e-01,1.671397e-01,1.666663e-01,1.663485e-01,0.000000e+00,6.105804e-21,2.652164e-20,6.503586e-20,1.265086e-19,2.172221e-19,3.453775e-19,5.217645e-19,7.607448e-19,1.081552e-18,1.509601e-18,2.076439e-18,2.820134e-18,3.791841e-18,5.062909e-18,6.735003e-18,8.952900e-18,1.192927e-17,1.598861e-17,2.164398e-17,2.973860e-17,4.173280e-17,6.032645e-17,9.095090e-17,1.458134e-16,2.564255e-16,5.110109e-16,1.061378e-15,2.028314e-15,3.716177e-15,6.731360e-15,1.245144e-14,2.450042e-14,5.425924e-14,1.501034e-13,6.750280e-13,1.191506e-11,3.326143e-09,4.256494e-10,2.040708e-10,4.566197e-10,3.524505e-09,8.430484e-08,1.308194e-08,1.292899e-09,3.954595e-10,2.532293e-10,2.817015e-10,5.226422e-10,2.052506e-09,1.467307e-08,7.671087e-08,7.872525e-09,2.391329e-09,3.543717e-09,2.177104e-08,7.439541e-08,8.734723e-09,1.612583e-09,6.458418e-10,4.527521e-10,5.081413e-10,9.091228e-10,2.848008e-09,1.881262e-08,6.588259e-08,1.152165e-08,2.365306e-09,1.118600e-09,1.076437e-09,1.978821e-09,7.181643e-09,4.356812e-08,4.190329e-08,7.152936e-09,1.788123e-09,7.648439e-10,4.980404e-10,4.609774e-10,5.906874e-10,1.060623e-09,2.837291e-09,1.235471e-08,5.203532e-08,2.761517e-08,5.756824e-09,1.772009e-09,8.794126e-10,6.523691e-10,6.880926e-10,1.013005e-09,2.114977e-09,6.573456e-09,2.796113e-08,5.048697e-08,1.676051e-08,4.276515e-09,1.531210e-09,7.717493e-10,5.164210e-10,4.405360e-10,4.684216e-10,6.164969e-10,1.014236e-09,2.150767e-09,6.156007e-09,2.249783e-08,4.827954e-08,2.401637e-08,6.919618e-09,2.399692e-09,1.121416e-09,6.831841e-10,5.228000e-10,4.900337e-10,5.547831e-10,7.561786e-10,1.252319e-09,2.579350e-09,6.789855e-09,2.137666e-08,4.555717e-08,3.005317e-08,1.033498e-08,3.647157e-09,1.603084e-09,8.771578e-10,5.803757e-10,4.531523e-10,4.105185e-10,4.270112e-10,5.076767e-10,6.910868e-10,1.087109e-09,2.011433e-09,4.477760e-09,1.192810e-08,3.119999e-08,4.248053e-08,2.321980e-08,8.808183e-09,3.527232e-09,1.681475e-09,9.563370e-10,6.363234e-10,4.862961e-10,4.209840e-10,4.088981e-10,4.430408e-10,5.344140e-10,7.192196e-10,1.087601e-09,1.871116e-09,3.719600e-09,8.567252e-09,2.106859e-08,3.921748e-08,3.520437e-08,1.753646e-08,7.355698e-09
5,1.436735e+09,0.823170,0.000000e+00,2.077818e-01,2.077816e-01,2.077815e-01,2.077813e-01,2.077811e-01,2.077809e-01,2.077807e-01,2.077805e-01,2.077803e-01,2.077801e-01,2.077799e-01,2.077796e-01,2.077794e-01,2.077791e-01,2.077788e-01,2.077785e-01,2.077782e-01,2.077779e-01,2.077775e-01,2.077771e-01,2.077767e-01,2.077762e-01,2.077757e-01,2.077751e-01,2.077744e-01,2.077735e-01,2.077724e-01,2.077712e-01,2.077700e-01,2.077686e-01,2.077670e-01,2.077650e-01,2.077625e-01,2.077592e-01,2.077539e-01,2.077412e-01,2.076138e-01,2.072567e-01,2.071237e-01,2.070073e-01,2.067971e-01,2.059939e-01,2.043701e-01,2.038738e-01,2.036834e-01,2.035623e-01,2.034560e-01,2.033358e-01,2.031542e-01,2.027533e-01,2.015124e-01,2.002820e-01,1.998543e-01,1.995590e-01,1.991077e-01,1.979044e-01,1.967654e-01,1.963630e-01,1.961661e-01,1.960292e-01,1.959064e-01,1.957686e-01,1.955709e-01,1.951774e-01,1.941390e-01,1.930092e-01,1.925480e-01,1.923152e-01,1.921406e-01,1.919570e-01,1.916883e-01,1.911249e-01,1.899859e-01,1.891712e-01,1.888202e-01,1.886308e-01,1.884993e-01,1.883887e-01,1.882790e-01,1.881514e-01,1.879742e-01,1.876670e-01,1.869996e-01,1.859488e-01,1.852921e-01,1.849799e-01,1.847970e-01,1.846631e-01,1.845447e-01,1.844212e-01,1.842686e-01,1.840416e-01,1.836251e-01,1.828184e-01,1.819486e-01,1.814634e-01,1.812089e-01,1.810507e-01,1.809351e-01,1.808388e-01,1.807490e-01,1.806560e-01,1.805489e-01,1.804106e-01,1.802054e-01,1.798496e-01,1.791895e-01,1.783625e-01,1.778081e-01,1.775046e-01,1.773210e-01,1.771929e-01,1.770916e-01,1.770025e-01,1.769164e-01,1.768252e-01,1.767193e-01,1.765830e-01,1.763859e-01,1.760626e-01,1.755013e-01,1.747589e-01,1.741812e-01,1.738387e-01,1.736314e-01,1.734917e-01,1.733871e-01,1.733014e-01,1.732257e-01,1.731539e-01,1.730812e-01,1.730027e-01,1.729119e-01,1.727987e-01,1.726448e-01,1.724143e-01,1.720385e-01,1.714535e-01,1.708058e-01,1.703290e-01,1.700319e-01,1.698416e-01,1.697090e-01,1.696084e-01,1.695262e-01,1.694545e-01,1.693883e-01,1.693236e-01,1.692571e-01,1.691850e-01,1.691024e-01,1.690018e-01,1.688707e-01,1.686866e-01,1.684078e-01,1.679762e-01,1.674036e-01,1.668639e-01,1.664783e-01,0.000000e+00,6.105804e-21,2.652164e-20,6.503587e-20,1.265086e-19,2.172221e-19,3.453773e-19,5.217643e-19,7.607439e-19,1.081543e-18,1.509562e-18,2.076246e-18,2.819413e-18,3.789798e-18,5.058088e-18,6.724864e-18,8.933072e-18,1.189224e-17,1.592129e-17,2.152312e-17,2.952142e-17,4.133666e-17,5.958101e-17,8.947334e-17,1.426363e-16,2.487378e-16,4.906306e-16,1.018593e-15,1.948779e-15,3.566286e-15,6.439562e-15,1.183830e-14,2.304653e-14,5.011444e-14,1.339079e-13,5.555652e-13,7.619858e-12,2.394509e-09,5.376288e-10,2.028898e-10,3.892242e-10,2.522428e-09,6.350185e-08,1.940214e-08,1.624132e-09,4.412228e-10,2.597654e-10,2.692522e-10,4.631429e-10,1.601904e-09,1.022718e-08,8.533156e-08,1.084812e-08,2.558964e-09,2.995540e-09,1.478924e-08,8.400204e-08,1.274068e-08,2.021509e-09,7.232391e-10,4.644733e-10,4.808260e-10,7.875524e-10,2.193921e-09,1.253077e-08,6.892161e-08,1.693852e-08,2.987615e-09,1.214414e-09,1.022892e-09,1.646654e-09,5.138668e-09,3.029770e-08,5.505198e-08,1.044389e-08,2.303077e-09,8.859954e-10,5.297533e-10,4.546152e-10,5.407154e-10,8.936629e-10,2.153946e-09,8.312436e-09,4.143294e-08,3.863251e-08,8.283068e-09,2.256961e-09,1.002899e-09,6.765210e-10,6.537517e-10,8.813201e-10,1.667774e-09,4.621928e-09,1.877825e-08,5.243886e-08,2.478879e-08,6.096314e-09,1.969074e-09,9.074340e-10,5.631070e-10,4.492694e-10,4.484708e-10,5.537048e-10,8.492757e-10,1.657353e-09,4.300345e-09,1.496528e-08,4.419555e-08,3.363938e-08,1.020607e-08,3.246895e-09,1.383883e-09,7.782807e-10,5.551080e-10,4.877760e-10,5.188839e-10,6.636231e-10,1.025170e-09,1.948374e-09,4.690619e-09,1.419323e-08,3.895864e-08,3.945170e-08,1.546857e-08,5.190019e-09,2.100692e-09,1.065722e-09,6.602289e-10,4.862187e-10,4.174188e-10,4.124756e-10,4.659870e-10,6.013901e-10,8.920651e-10,1.542763e-09,3.179431e-09,7.920215e-09,2.190819e-08,4.235543e-08,3.210683e-08,1.317692e-08,5.027981e-09,2.226373e-09,1.180854e-09,7.384610e-10,5.338608e-10,4.392080e-10,4.065979e-10,4.204631e-10,4.839183e-10,6.200253e-10,8.886301e-10,1.438982e-09,2.671915e-09,5.759697e-09,1.402610e-08,3.159999e-08,4.076978e-08,2.529798e-08,1.101031e-08
6,1.438892e+09,0.816050,0.000000e+00,2.077818e-01,2.077816e-01,2.077815e-01,2.077813e-01,2.077811e-01,2.077809e-01,2.077807e-01,2.077805e-01,2.077803e-01,2.077801e-01,2.077799e-01,2.077796e-01,2.077794e-01,2.077791e-01,2.077788e-01,2.077785e-01,2.077782e-01,2.077779e-01,2.077775e-01,2.077771e-01,2.077767e-01,2.077763e-01,2.077757e-01,2.077751e-01,2.077744e-01,2.077735e-01,2.077725e-01,2.077714e-01,2.077701e-01,2.077688e-01,2.077672e-01,2.077653e-01,2.077630e-01,2.077599e-01,2.077553e-01,2.077456e-01,2.076848e-01,2.073098e-01,2.071506e-01,2.070396e-01,2.068711e-01,2.063491e-01,2.046728e-01,2.039565e-01,2.037244e-01,2.035926e-01,2.034858e-01,2.033733e-01,2.032199e-01,2.029145e-01,2.020424e-01,2.005258e-01,1.999584e-01,1.996579e-01,1.993032e-01,1.984456e-01,1.970419e-01,1.964666e-01,1.962250e-01,1.960745e-01,1.959507e-01,1.958229e-01,1.956571e-01,1.953704e-01,1.946542e-01,1.933542e-01,1.926857e-01,1.923963e-01,1.922098e-01,1.920388e-01,1.918227e-01,1.914365e-01,1.905388e-01,1.894562e-01,1.889477e-01,1.887059e-01,1.885550e-01,1.884382e-01,1.883309e-01,1.882155e-01,1.880692e-01,1.878439e-01,1.874016e-01,1.864761e-01,1.855631e-01,1.851142e-01,1.848815e-01,1.847288e-01,1.846062e-01,1.844890e-01,1.843573e-01,1.841816e-01,1.838962e-01,1.833357e-01,1.824146e-01,1.817040e-01,1.813396e-01,1.811354e-01,1.809992e-01,1.808938e-01,1.808019e-01,1.807127e-01,1.806166e-01,1.805014e-01,1.803455e-01,1.801018e-01,1.796589e-01,1.788936e-01,1.781341e-01,1.776841e-01,1.774329e-01,1.772732e-01,1.771567e-01,1.770612e-01,1.769747e-01,1.768887e-01,1.767952e-01,1.766836e-01,1.765358e-01,1.763151e-01,1.759432e-01,1.753159e-01,1.745882e-01,1.740771e-01,1.737778e-01,1.735920e-01,1.734632e-01,1.733646e-01,1.732823e-01,1.732084e-01,1.731374e-01,1.730646e-01,1.729849e-01,1.728916e-01,1.727736e-01,1.726109e-01,1.723636e-01,1.719584e-01,1.713490e-01,1.707192e-01,1.702745e-01,1.699981e-01,1.698190e-01,1.696925e-01,1.695955e-01,1.695155e-01,1.694452e-01,1.693798e-01,1.693156e-01,1.692494e-01,1.691772e-01,1.690942e-01,1.689928e-01,1.688604e-01,1.686737e-01,1.683909e-01,1.679544e-01,1.673816e-01,1.668479e-01,0.000000e+00,6.105804e-21,2.652164e-20,6.503587e-20,1.265085e-19,2.172223e-19,3.453776e-19,5.217647e-19,7.607431e-19,1.081535e-18,1.509495e-18,2.075865e-18,2.817940e-18,3.785595e-18,5.048137e-18,6.703921e-18,8.892150e-18,1.181590e-17,1.578283e-17,2.127529e-17,2.907777e-17,4.053134e-17,5.807528e-17,8.651459e-17,1.363521e-16,2.337827e-16,4.512930e-16,9.338246e-16,1.792118e-15,3.273115e-15,5.875303e-15,1.067347e-14,2.035486e-14,4.274132e-14,1.070577e-13,3.845859e-13,3.451052e-12,5.682622e-10,9.760169e-10,2.160853e-10,2.949810e-10,1.364450e-09,2.634944e-08,4.401440e-08,2.795490e-09,5.790627e-10,2.829963e-10,2.527042e-10,3.740359e-10,9.879935e-10,5.417042e-09,6.276331e-08,2.326276e-08,3.332863e-09,2.373055e-09,7.263877e-09,6.379033e-08,2.944211e-08,3.507826e-09,9.692285e-10,5.135935e-10,4.487611e-10,6.164497e-10,1.376138e-09,5.781037e-09,4.530614e-08,3.753720e-08,5.396495e-09,1.577237e-09,9.997230e-10,1.227259e-09,2.838915e-09,1.302502e-08,6.217188e-08,2.406504e-08,4.274612e-09,1.292422e-09,6.391419e-10,4.662565e-10,4.754725e-10,6.673311e-10,1.320291e-09,3.966630e-09,1.909331e-08,5.565565e-08,1.876383e-08,4.128323e-09,1.436396e-09,7.868383e-10,6.312559e-10,7.106555e-10,1.109006e-09,2.453208e-09,8.075712e-09,3.373165e-08,4.655277e-08,1.377282e-08,3.655342e-09,1.376732e-09,7.216910e-10,4.976214e-10,4.345291e-10,4.706615e-10,6.287567e-10,1.047343e-09,2.244956e-09,6.477673e-09,2.352428e-08,4.816433e-08,2.324250e-08,6.726150e-09,2.355485e-09,1.107564e-09,6.762905e-10,5.169364e-10,4.824204e-10,5.419499e-10,7.301817e-10,1.189667e-09,2.396104e-09,6.135609e-09,1.908071e-08,4.418335e-08,3.296351e-08,1.172263e-08,4.073716e-09,1.746942e-09,9.330860e-10,6.034816e-10,4.608931e-10,4.083358e-10,4.149599e-10,4.810092e-10,6.362732e-10,9.676208e-10,1.718431e-09,3.643985e-09,9.301342e-09,2.532026e-08,4.321871e-08,2.873476e-08,1.138299e-08,4.419252e-09,2.011706e-09,1.094209e-09,6.988317e-10,5.140959e-10,4.291326e-10,4.021339e-10,4.201338e-10,4.877684e-10,6.296575e-10,9.083916e-10,1.479698e-09,2.762025e-09,5.977018e-09,1.454028e-08,3.227379e-08,4.050046e-08,2.471619e-08
7,1.439415e+09,0.813451,0.000000e+00,2.077818e-01,2.077816e-01,2.077815e-01,2.077813e-01,2.077811e-01,2.077809e-01,2.077807e-01,2.077805e-01,2.077803e-01,2.077801e-01,2.077799e-01,2.077796e-01,2.077794e-01,2.077791e-01,2.077788e-01,2.077785e-01,2.077782e-01,2.077779e-01,2.077775e-01,2.077771e-01,2.077767e-01,2.077763e-01,2.077757e-01,2.077752e-01,2.077744e-01,2.077736e-01,2.077725e-01,2.077714e-01,2.077702e-01,2.077688e-01,2.077673e-01,2.077654e-01,2.077631e-01,2.077601e-01,2.077557e-01,2.077468e-01,2.076994e-01,2.073337e-01,2.071608e-01,2.070504e-01,2.068929e-01,2.064418e-01,2.048145e-01,2.039925e-01,2.037407e-01,2.036039e-01,2.034963e-01,2.033860e-01,2.032401e-01,2.029616e-01,2.022031e-01,2.006395e-01,2.000002e-01,1.996915e-01,1.993592e-01,1.986122e-01,1.971733e-01,1.965119e-01,1.962486e-01,1.960915e-01,1.959664e-01,1.958411e-01,1.956838e-01,1.954241e-01,1.948057e-01,1.935135e-01,1.927469e-01,1.924286e-01,1.922349e-01,1.920659e-01,1.918627e-01,1.915203e-01,1.907321e-01,1.895914e-01,1.890049e-01,1.887369e-01,1.885765e-01,1.884564e-01,1.883490e-01,1.882366e-01,1.880984e-01,1.878937e-01,1.875099e-01,1.866772e-01,1.856909e-01,1.851741e-01,1.849162e-01,1.847541e-01,1.846283e-01,1.845120e-01,1.843855e-01,1.842227e-01,1.839695e-01,1.834871e-01,1.826127e-01,1.818182e-01,1.813982e-01,1.811709e-01,1.810246e-01,1.809146e-01,1.808211e-01,1.807322e-01,1.806388e-01,1.805297e-01,1.803863e-01,1.801702e-01,1.797895e-01,1.790956e-01,1.782866e-01,1.777672e-01,1.774816e-01,1.773062e-01,1.771821e-01,1.770831e-01,1.769954e-01,1.769103e-01,1.768199e-01,1.767146e-01,1.765791e-01,1.763836e-01,1.760638e-01,1.755096e-01,1.747713e-01,1.741902e-01,1.738444e-01,1.736351e-01,1.734944e-01,1.733894e-01,1.733037e-01,1.732283e-01,1.731571e-01,1.730855e-01,1.730086e-01,1.729204e-01,1.728116e-01,1.726656e-01,1.724503e-01,1.721030e-01,1.715507e-01,1.708967e-01,1.703896e-01,1.700698e-01,1.698670e-01,1.697276e-01,1.696232e-01,1.695389e-01,1.694663e-01,1.694000e-01,1.693360e-01,1.692710e-01,1.692015e-01,1.691230e-01,1.690292e-01,1.689095e-01,1.687454e-01,1.685025e-01,1.681252e-01,1.675872e-01,1.670187e-01,0.000000e+00,6.105804e-21,2.652164e-20,6.503587e-20,1.265085e-19,2.172222e-19,3.453773e-19,5.217640e-19,7.607418e-19,1.081530e-18,1.509466e-18,2.075719e-18,2.817395e-18,3.784054e-18,5.044500e-18,6.696296e-18,8.877291e-18,1.178825e-17,1.573283e-17,2.118606e-17,2.891864e-17,4.024387e-17,5.754111e-17,8.547356e-17,1.341661e-16,2.286604e-16,4.379443e-16,9.043524e-16,1.737956e-15,3.172527e-15,5.683917e-15,1.028518e-14,1.947962e-14,4.043096e-14,9.916435e-14,3.405071e-13,2.694573e-12,3.079256e-10,1.248058e-09,2.271640e-10,2.719828e-10,1.121655e-09,1.866833e-08,5.729489e-08,3.483076e-09,6.485214e-10,2.951784e-10,2.495088e-10,3.503564e-10,8.523256e-10,4.431850e-09,4.861057e-08,3.103570e-08,3.818065e-09,2.268097e-09,5.842571e-09,5.004109e-08,3.954301e-08,4.402184e-09,1.098969e-09,5.411875e-10,4.444579e-10,5.741481e-10,1.191107e-09,4.512856e-09,3.450932e-08,4.792626e-08,6.908389e-09,1.786773e-09,1.019234e-09,1.135701e-09,2.370825e-09,9.721871e-09,5.438354e-08,3.215335e-08,5.510147e-09,1.518356e-09,6.978845e-10,4.791394e-10,4.622231e-10,6.130419e-10,1.136056e-09,3.138318e-09,1.400847e-08,5.385703e-08,2.509694e-08,5.302112e-09,1.683428e-09,8.522114e-10,6.382543e-10,6.736194e-10,9.837013e-10,2.017446e-09,6.093518e-09,2.554698e-08,5.167539e-08,1.864631e-08,4.716526e-09,1.645143e-09,8.079534e-10,5.271656e-10,4.381509e-10,4.528254e-10,5.766669e-10,9.110810e-10,1.833577e-09,4.915635e-09,1.737752e-08,4.636793e-08,3.027498e-08,8.988404e-09,2.945730e-09,1.293499e-09,7.443330e-10,5.399886e-10,4.803252e-10,5.151971e-10,6.620844e-10,1.024463e-09,1.943991e-09,4.656422e-09,1.398205e-08,3.844680e-08,3.989935e-08,1.589152e-08,5.340382e-09,2.152888e-09,1.085835e-09,6.681030e-10,4.881941e-10,4.153834e-10,4.062301e-10,4.533630e-10,5.765889e-10,8.400329e-10,1.420430e-09,2.846419e-09,6.878788e-09,1.892991e-08,4.037937e-08,3.546551e-08,1.541955e-08,5.838371e-09,2.517005e-09,1.297699e-09,7.901737e-10,5.570800e-10,4.473360e-10,4.042695e-10,4.078789e-10,4.573787e-10,5.696116e-10,7.906010e-10,1.233324e-09,2.191775e-09,4.502416e-09,1.061256e-08,2.537366e-08,4.095613e-08,3.123837e-08
8,1.439206e+09,0.812905,0.000000e+00,2.077818e-01,2.077816e-01,2.077815e-01,2.077813e-01,2.077811e-01,2.077809e-01,2.077807e-01,2.077805e-01,2.077803e-01,2.077801e-01,2.077799e-01,2.077796e-01,2.077794e-01,2.077791e-01,2.077788e-01,2.077785e-01,2.077782e-01,2.077779e-01,2.077775e-01,2.077771e-01,2.077767e-01,2.077763e-01,2.077757e-01,2.077752e-01,2.077745e-01,2.077736e-01,2.077725e-01,2.077714e-01,2.077702e-01,2.077688e-01,2.077673e-01,2.077655e-01,2.077632e-01,2.077602e-01,2.077558e-01,2.077470e-01,2.077017e-01,2.073386e-01,2.071628e-01,2.070524e-01,2.068969e-01,2.064575e-01,2.048431e-01,2.039997e-01,2.037439e-01,2.036061e-01,2.034983e-01,2.033883e-01,2.032437e-01,2.029699e-01,2.022306e-01,2.006625e-01,2.000083e-01,1.996977e-01,1.993692e-01,1.986416e-01,1.972004e-01,1.965211e-01,1.962532e-01,1.960948e-01,1.959693e-01,1.958444e-01,1.956886e-01,1.954334e-01,1.948316e-01,1.935451e-01,1.927591e-01,1.924349e-01,1.922396e-01,1.920709e-01,1.918699e-01,1.915349e-01,1.907671e-01,1.896192e-01,1.890165e-01,1.887431e-01,1.885807e-01,1.884598e-01,1.883523e-01,1.882404e-01,1.881037e-01,1.879024e-01,1.875283e-01,1.867139e-01,1.857167e-01,1.851861e-01,1.849230e-01,1.847589e-01,1.846325e-01,1.845163e-01,1.843906e-01,1.842300e-01,1.839822e-01,1.835134e-01,1.826509e-01,1.818417e-01,1.814101e-01,1.811780e-01,1.810295e-01,1.809186e-01,1.808247e-01,1.807359e-01,1.806429e-01,1.805348e-01,1.803935e-01,1.801820e-01,1.798117e-01,1.791326e-01,1.783172e-01,1.777842e-01,1.774914e-01,1.773127e-01,1.771870e-01,1.770873e-01,1.769993e-01,1.769143e-01,1.768244e-01,1.767202e-01,1.765868e-01,1.763956e-01,1.760846e-01,1.755444e-01,1.748076e-01,1.742135e-01,1.738580e-01,1.736438e-01,1.735006e-01,1.733942e-01,1.733079e-01,1.732321e-01,1.731608e-01,1.730894e-01,1.730130e-01,1.729257e-01,1.728184e-01,1.726752e-01,1.724651e-01,1.721278e-01,1.715874e-01,1.709319e-01,1.704131e-01,1.700844e-01,1.698766e-01,1.697345e-01,1.696286e-01,1.695435e-01,1.694704e-01,1.694038e-01,1.693398e-01,1.692750e-01,1.692060e-01,1.691283e-01,1.690357e-01,1.689182e-01,1.687578e-01,1.685216e-01,1.681550e-01,1.676256e-01,1.670529e-01,0.000000e+00,6.105804e-21,2.652164e-20,6.503587e-20,1.265085e-19,2.172223e-19,3.453773e-19,5.217641e-19,7.607417e-19,1.081530e-18,1.509464e-18,2.075693e-18,2.817286e-18,3.783734e-18,5.043746e-18,6.694709e-18,8.874190e-18,1.178248e-17,1.572237e-17,2.116741e-17,2.888539e-17,4.018386e-17,5.742978e-17,8.525706e-17,1.337131e-16,2.276039e-16,4.352018e-16,8.982740e-16,1.726885e-15,3.152190e-15,5.645709e-15,1.020876e-14,1.931011e-14,3.999240e-14,9.770694e-14,3.327325e-13,2.573890e-12,2.739806e-10,1.309819e-09,2.297453e-10,2.681378e-10,1.082442e-09,1.750316e-08,5.997765e-08,3.634775e-09,6.629868e-10,2.976924e-10,2.490423e-10,3.463046e-10,8.305187e-10,4.273708e-09,4.613270e-08,3.272286e-08,3.924340e-09,2.252953e-09,5.618016e-09,4.753223e-08,4.172664e-08,4.603663e-09,1.126787e-09,5.471035e-10,4.440829e-10,5.671658e-10,1.161085e-09,4.318288e-09,3.269429e-08,4.990385e-08,7.245049e-09,1.831617e-09,1.024232e-09,1.120696e-09,2.295281e-09,9.212215e-09,5.251924e-08,3.387994e-08,5.791940e-09,1.567785e-09,7.104696e-10,4.821580e-10,4.602983e-10,6.041242e-10,1.106282e-09,3.010131e-09,1.322998e-08,5.296655e-08,2.644054e-08,5.564271e-09,1.736689e-09,8.661149e-10,6.402935e-10,6.676358e-10,9.630100e-10,1.947697e-09,5.788481e-09,2.415658e-08,5.217835e-08,1.972838e-08,4.957814e-09,1.704214e-09,8.264953e-10,5.335822e-10,4.393432e-10,4.500695e-10,5.680875e-10,8.888703e-10,1.768539e-09,4.677328e-09,1.640023e-08,4.554780e-08,3.167360e-08,9.498893e-09,3.076959e-09,1.333679e-09,7.588148e-10,5.450556e-10,4.804551e-10,5.108793e-10,6.507854e-10,9.974518e-10,1.872193e-09,4.428903e-09,1.318091e-08,3.709847e-08,4.104008e-08,1.681703e-08,5.629000e-09,2.243279e-09,1.119022e-09,6.819491e-10,4.941181e-10,4.172056e-10,4.050685e-10,4.488699e-10,5.667326e-10,8.192027e-10,1.372897e-09,2.722876e-09,6.510334e-09,1.787817e-08,3.944375e-08,3.663443e-08,1.630790e-08,6.160347e-09,2.629687e-09,1.342043e-09,8.097400e-10,5.662526e-10,4.513615e-10,4.051177e-10,4.060580e-10,4.523896e-10,5.596592e-10,7.712822e-10,1.193719e-09,2.102429e-09,4.276783e-09,1.000511e-08,2.410793e-08,4.058435e-08,3.244318e-08
9,1.438808e+09,0.812766,0.000000e+00,2.077818e-01,2.077816e-01,2.077815e-01,2.077813e-01,2.077811e-01,2.077809e-01,2.077807e-01,2.077805e-01,2.077803e-01,2.077801e-01,2.077799e-01,2.077796e-01,2.077794e-01,2.077791e-01,2.077788e-01,2.077785e-01,2.077782e-01,2.077779e-01,2.077775e-01,2.077771e-01,2.077767e-01,2.077763e-01,2.077757e-01,2.077752e-01,2.077745e-01,2.077736e-01,2.077726e-01,2.077714e-01,2.077702e-01,2.077688e-01,2.077673e-01,2.077655e-01,2.077632e-01,2.077602e-01,2.077558e-01,2.077471e-01,2.077021e-01,2.073393e-01,2.071631e-01,2.070527e-01,2.068974e-01,2.064595e-01,2.048466e-01,2.040006e-01,2.037443e-01,2.036064e-01,2.034986e-01,2.033886e-01,2.032442e-01,2.029708e-01,2.022335e-01,2.006650e-01,2.000093e-01,1.996985e-01,1.993705e-01,1.986454e-01,1.972039e-01,1.965223e-01,1.962538e-01,1.960952e-01,1.959697e-01,1.958448e-01,1.956891e-01,1.954344e-01,1.948343e-01,1.935484e-01,1.927604e-01,1.924356e-01,1.922402e-01,1.920716e-01,1.918709e-01,1.915368e-01,1.907716e-01,1.896228e-01,1.890180e-01,1.887439e-01,1.885813e-01,1.884603e-01,1.883528e-01,1.882409e-01,1.881043e-01,1.879034e-01,1.875303e-01,1.867178e-01,1.857195e-01,1.851874e-01,1.849238e-01,1.847595e-01,1.846330e-01,1.845169e-01,1.843913e-01,1.842310e-01,1.839838e-01,1.835167e-01,1.826558e-01,1.818447e-01,1.814116e-01,1.811789e-01,1.810301e-01,1.809191e-01,1.808252e-01,1.807364e-01,1.806434e-01,1.805354e-01,1.803944e-01,1.801833e-01,1.798142e-01,1.791367e-01,1.783207e-01,1.777861e-01,1.774925e-01,1.773134e-01,1.771876e-01,1.770878e-01,1.769998e-01,1.769148e-01,1.768250e-01,1.767209e-01,1.765878e-01,1.763970e-01,1.760871e-01,1.755486e-01,1.748121e-01,1.742164e-01,1.738596e-01,1.736449e-01,1.735014e-01,1.733948e-01,1.733084e-01,1.732326e-01,1.731613e-01,1.730899e-01,1.730135e-01,1.729263e-01,1.728192e-01,1.726763e-01,1.724669e-01,1.721307e-01,1.715917e-01,1.709360e-01,1.704158e-01,1.700861e-01,1.698777e-01,1.697353e-01,1.696292e-01,1.695440e-01,1.694709e-01,1.694043e-01,1.693403e-01,1.692756e-01,1.692065e-01,1.691289e-01,1.690366e-01,1.689193e-01,1.687594e-01,1.685239e-01,1.681586e-01,1.676303e-01,1.670571e-01,0.000000e+00,6.105804e-21,2.652164e-20,6.503587e-20,1.265085e-19,2.172223e-19,3.453773e-19,5.217640e-19,7.607414e-19,1.081528e-18,1.509460e-18,2.075682e-18,2.817253e-18,3.783651e-18,5.043552e-18,6.694301e-18,8.873399e-18,1.178102e-17,1.571973e-17,2.116269e-17,2.887698e-17,4.016872e-17,5.740172e-17,8.520253e-17,1.335991e-16,2.273384e-16,4.345156e-16,8.967799e-16,1.724262e-15,3.147579e-15,5.637468e-15,1.019313e-14,1.927732e-14,3.991248e-14,9.745840e-14,3.314958e-13,2.556017e-12,2.693359e-10,1.318871e-09,2.301164e-10,2.676475e-10,1.077615e-09,1.736496e-08,6.030452e-08,3.652536e-09,6.645943e-10,2.979411e-10,2.489573e-10,3.458184e-10,8.281132e-10,4.257059e-09,4.587996e-08,3.290069e-08,3.934888e-09,2.250067e-09,5.588497e-09,4.721007e-08,4.201199e-08,4.629919e-09,1.130318e-09,5.478472e-10,4.440657e-10,5.664203e-10,1.157935e-09,4.298494e-09,3.251169e-08,5.010599e-08,7.280067e-09,1.835959e-09,1.024358e-09,1.118408e-09,2.285184e-09,9.146884e-09,5.227052e-08,3.410667e-08,5.828905e-09,1.574137e-09,7.120646e-10,4.825514e-10,4.601050e-10,6.031577e-10,1.103096e-09,2.996711e-09,1.314991e-08,5.286495e-08,2.658406e-08,5.592203e-09,1.742167e-09,8.674073e-10,6.402973e-10,6.666876e-10,9.602100e-10,1.938729e-09,5.750403e-09,2.398366e-08,5.223032e-08,1.986744e-08,4.988728e-09,1.711661e-09,8.287965e-10,5.343688e-10,4.394923e-10,4.497536e-10,5.671103e-10,8.863805e-10,1.761379e-09,4.651571e-09,1.629550e-08,4.545108e-08,3.182813e-08,9.556433e-09,3.091565e-09,1.338043e-09,7.603157e-10,5.455088e-10,4.803449e-10,5.102378e-10,6.492869e-10,9.940235e-10,1.863325e-09,4.401374e-09,1.308498e-08,3.692954e-08,4.117362e-08,1.693226e-08,5.664915e-09,2.254387e-09,1.123037e-09,6.835927e-10,4.948002e-10,4.173944e-10,4.049017e-10,4.483092e-10,5.655442e-10,8.167445e-10,1.367387e-09,2.708786e-09,6.468876e-09,1.775981e-08,3.933032e-08,3.676550e-08,1.641194e-08,6.198076e-09,2.642743e-09,1.347101e-09,8.119210e-10,5.672360e-10,4.517523e-10,4.051390e-10,4.057626e-10,4.517115e-10,5.583779e-10,7.688665e-10,1.188868e-09,2.091670e-09,4.249993e-09,9.933606e-09,2.395683e-08,4.053092e-08,3.258620e-08
10,1.434007e+09,0.811604,0.000000e+00,2.077818e-01,2.077816e-01,2.077815e-01,2.077813e-01,2.077811e-01,2.077809e-01,2.077807e-01,2.077805e-01,2.077803e-01,2.077801e-01,2.077799e-01,2.077796e-01,2.077794e-01,2.077791e-01,2.077788e-01,2.077785e-01,2.077782e-01,2.077779e-01,2.077775e-01,2.077771e-01,2.077767e-01,2.077763e-01,2.077758e-01,2.077752e-01,2.077745e-01,2.077736e-01,2.077726e-01,2.077714e-01,2.077702e-01,2.077689e-01,2.077673e-01,2.077655e-01,2.077632e-01,2.077603e-01,2.077559e-01,2.077473e-01,2.077038e-01,2.073431e-01,2.071646e-01,2.070541e-01,2.068997e-01,2.064672e-01,2.048597e-01,2.040039e-01,2.037459e-01,2.036076e-01,2.034998e-01,2.033900e-01,2.032459e-01,2.029740e-01,2.022418e-01,2.006720e-01,2.000125e-01,1.997018e-01,1.993764e-01,1.986623e-01,1.972196e-01,1.965275e-01,1.962564e-01,1.960970e-01,1.959713e-01,1.958465e-01,1.956911e-01,1.954375e-01,1.948412e-01,1.935566e-01,1.927640e-01,1.924380e-01,1.922425e-01,1.920744e-01,1.918752e-01,1.915455e-01,1.907916e-01,1.896388e-01,1.890246e-01,1.887473e-01,1.885836e-01,1.884622e-01,1.883546e-01,1.882428e-01,1.881066e-01,1.879067e-01,1.875362e-01,1.867286e-01,1.857271e-01,1.851912e-01,1.849263e-01,1.847616e-01,1.846351e-01,1.845192e-01,1.843942e-01,1.842352e-01,1.839909e-01,1.835306e-01,1.826759e-01,1.818570e-01,1.814179e-01,1.811826e-01,1.810328e-01,1.809213e-01,1.808271e-01,1.807383e-01,1.806455e-01,1.805379e-01,1.803976e-01,1.801881e-01,1.798224e-01,1.791497e-01,1.783315e-01,1.777922e-01,1.774962e-01,1.773161e-01,1.771898e-01,1.770898e-01,1.770019e-01,1.769171e-01,1.768275e-01,1.767240e-01,1.765920e-01,1.764032e-01,1.760974e-01,1.755655e-01,1.748296e-01,1.742277e-01,1.738662e-01,1.736491e-01,1.735045e-01,1.733974e-01,1.733106e-01,1.732346e-01,1.731634e-01,1.730920e-01,1.730159e-01,1.729290e-01,1.728225e-01,1.726807e-01,1.724734e-01,1.721410e-01,1.716065e-01,1.709502e-01,1.704254e-01,1.700921e-01,1.698818e-01,1.697384e-01,1.696318e-01,1.695463e-01,1.694730e-01,1.694064e-01,1.693424e-01,1.692778e-01,1.692090e-01,1.691318e-01,1.690401e-01,1.689238e-01,1.687656e-01,1.685332e-01,1.681726e-01,1.676482e-01,1.670731e-01,0.000000e+00,6.105804e-21,2.652164e-20,6.503587e-20,1.265085e-19,2.172223e-19,3.453775e-19,5.217639e-19,7.607414e-19,1.081526e-18,1.509446e-18,2.075617e-18,2.817011e-18,3.782964e-18,5.041931e-18,6.690898e-18,8.866774e-18,1.176870e-17,1.569748e-17,2.112308e-17,2.880648e-17,4.004162e-17,5.716624e-17,8.474556e-17,1.326452e-16,2.251226e-16,4.288093e-16,8.844043e-16,1.702931e-15,3.110982e-15,5.574030e-15,1.007705e-14,1.904351e-14,3.936979e-14,9.586849e-14,3.241301e-13,2.457576e-12,2.458007e-10,1.366143e-09,2.319592e-10,2.654500e-10,1.057524e-09,1.683893e-08,6.149494e-08,3.715238e-09,6.696501e-10,2.984572e-10,2.483836e-10,3.439006e-10,8.200474e-10,4.208713e-09,4.520630e-08,3.334743e-08,3.952421e-09,2.228627e-09,5.447522e-09,4.575647e-08,4.327340e-08,4.742682e-09,1.144826e-09,5.508297e-10,4.441744e-10,5.642750e-10,1.149340e-09,4.248842e-09,3.208929e-08,5.057037e-08,7.354271e-09,1.842071e-09,1.020455e-09,1.105327e-09,2.237190e-09,8.855673e-09,5.116686e-08,3.510495e-08,5.990396e-09,1.601160e-09,7.187307e-10,4.842766e-10,4.596493e-10,6.002241e-10,1.093662e-09,2.958940e-09,1.293666e-08,5.261068e-08,2.695634e-08,5.661186e-09,1.754083e-09,8.688703e-10,6.381873e-10,6.610663e-10,9.467276e-10,1.898831e-09,5.588636e-09,2.326608e-08,5.240875e-08,2.043345e-08,5.112421e-09,1.740584e-09,8.374025e-10,5.371390e-10,4.398706e-10,4.484468e-10,5.634924e-10,8.776546e-10,1.737389e-09,4.568721e-09,1.596989e-08,4.515235e-08,3.229677e-08,9.727610e-09,3.133324e-09,1.349639e-09,7.636289e-10,5.457460e-10,4.787611e-10,5.066677e-10,6.422557e-10,9.791051e-10,1.826464e-09,4.290748e-09,1.270886e-08,3.626542e-08,4.167921e-08,1.737687e-08,5.801645e-09,2.295701e-09,1.137517e-09,6.892508e-10,4.969315e-10,4.177256e-10,4.039247e-10,4.458708e-10,5.607833e-10,8.073491e-10,1.347057e-09,2.658346e-09,6.324385e-09,1.735558e-08,3.894234e-08,3.720803e-08,1.676340e-08,6.323591e-09,2.685101e-09,1.362903e-09,8.183208e-10,5.697510e-10,4.523268e-10,4.044492e-10,4.039069e-10,4.483603e-10,5.526108e-10,7.585541e-10,1.168898e-09,2.048619e-09,4.145365e-09,9.659673e-09,2.338216e-08,4.031525e-08,3.312088e-08
11,1.424103e+09,0.809685,0.000000e+00,2.077818e-01,2.077816e-01,2.077815e-01,2.077813e-01,2.077811e-01,2.077809e-01,2.077807e-01,2.077805e-01,2.077803e-01,2.077801e-01,2.077799e-01,2.077796e-01,2.077794e-01,2.077791e-01,2.077788e-01,2.077785e-01,2.077782e-01,2.077779e-01,2.077775e-01,2.077772e-01,2.077767e-01,2.077763e-01,2.077758e-01,2.077752e-01,2.077745e-01,2.077736e-01,2.077726e-01,2.077715e-01,2.077703e-01,2.077689e-01,2.077674e-01,2.077656e-01,2.077633e-01,2.077603e-01,2.077560e-01,2.077475e-01,2.077054e-01,2.073463e-01,2.071659e-01,2.070552e-01,2.069009e-01,2.064686e-01,2.048591e-01,2.040038e-01,2.037462e-01,2.036081e-01,2.035004e-01,2.033905e-01,2.032462e-01,2.029728e-01,2.022331e-01,2.006640e-01,2.000113e-01,1.997027e-01,1.993793e-01,1.986703e-01,1.972259e-01,1.965293e-01,1.962573e-01,1.960977e-01,1.959719e-01,1.958468e-01,1.956908e-01,1.954353e-01,1.948315e-01,1.935428e-01,1.927596e-01,1.924369e-01,1.922428e-01,1.920756e-01,1.918774e-01,1.915497e-01,1.908004e-01,1.896450e-01,1.890269e-01,1.887485e-01,1.885845e-01,1.884629e-01,1.883551e-01,1.882431e-01,1.881064e-01,1.879053e-01,1.875313e-01,1.867160e-01,1.857178e-01,1.851876e-01,1.849250e-01,1.847614e-01,1.846355e-01,1.845200e-01,1.843955e-01,1.842370e-01,1.839936e-01,1.835351e-01,1.826811e-01,1.818598e-01,1.814192e-01,1.811835e-01,1.810336e-01,1.809220e-01,1.808278e-01,1.807390e-01,1.806461e-01,1.805382e-01,1.803975e-01,1.801870e-01,1.798188e-01,1.791419e-01,1.783243e-01,1.777884e-01,1.774945e-01,1.773154e-01,1.771898e-01,1.770901e-01,1.770025e-01,1.769178e-01,1.768285e-01,1.767252e-01,1.765934e-01,1.764050e-01,1.760995e-01,1.755677e-01,1.748311e-01,1.742284e-01,1.738667e-01,1.736496e-01,1.735050e-01,1.733979e-01,1.733112e-01,1.732353e-01,1.731641e-01,1.730927e-01,1.730166e-01,1.729297e-01,1.728231e-01,1.726810e-01,1.724731e-01,1.721393e-01,1.716027e-01,1.709458e-01,1.704223e-01,1.700904e-01,1.698810e-01,1.697381e-01,1.696318e-01,1.695466e-01,1.694735e-01,1.694070e-01,1.693432e-01,1.692787e-01,1.692100e-01,1.691329e-01,1.690413e-01,1.689251e-01,1.687670e-01,1.685346e-01,1.681737e-01,1.676487e-01,1.670730e-01,0.000000e+00,6.105804e-21,2.652164e-20,6.503587e-20,1.265085e-19,2.172223e-19,3.453776e-19,5.217642e-19,7.607415e-19,1.081524e-18,1.509426e-18,2.075511e-18,2.816606e-18,3.781828e-18,5.039260e-18,6.685303e-18,8.855877e-18,1.174846e-17,1.566093e-17,2.105799e-17,2.869073e-17,3.983329e-17,5.678099e-17,8.399965e-17,1.310935e-16,2.215351e-16,4.195983e-16,8.643636e-16,1.668888e-15,3.053783e-15,5.477621e-15,9.906782e-15,1.871528e-14,3.865001e-14,9.391790e-14,3.160113e-13,2.363019e-12,2.266064e-10,1.404380e-09,2.332518e-10,2.644186e-10,1.051597e-09,1.679343e-08,6.137709e-08,3.694275e-09,6.659415e-10,2.970577e-10,2.475949e-10,3.436950e-10,8.233986e-10,4.255745e-09,4.614903e-08,3.259542e-08,3.882748e-09,2.197640e-09,5.359401e-09,4.507599e-08,4.377375e-08,4.776657e-09,1.147674e-09,5.512274e-10,4.446491e-10,5.662433e-10,1.159160e-09,4.323846e-09,3.290144e-08,4.963649e-08,7.171334e-09,1.809969e-09,1.006884e-09,1.091510e-09,2.205677e-09,8.707904e-09,5.068571e-08,3.546888e-08,6.039168e-09,1.607284e-09,7.198063e-10,4.846399e-10,4.602731e-10,6.023071e-10,1.101510e-09,2.997964e-09,1.320601e-08,5.304326e-08,2.640703e-08,5.542250e-09,1.725964e-09,8.581312e-10,6.316337e-10,6.548481e-10,9.378120e-10,1.879865e-09,5.529218e-09,2.305919e-08,5.245028e-08,2.053899e-08,5.128177e-09,1.742170e-09,8.370505e-10,5.365735e-10,4.393889e-10,4.481954e-10,5.638309e-10,8.798582e-10,1.746748e-09,4.611929e-09,1.618289e-08,4.541227e-08,3.192863e-08,9.573394e-09,3.089308e-09,1.333945e-09,7.562057e-10,5.411710e-10,4.751669e-10,5.031370e-10,6.379870e-10,9.728135e-10,1.815172e-09,4.266269e-09,1.265244e-08,3.621014e-08,4.170718e-08,1.737792e-08,5.794572e-09,2.290794e-09,1.134471e-09,6.872102e-10,4.954129e-10,4.164800e-10,4.028211e-10,4.448537e-10,5.598919e-10,8.068649e-10,1.348098e-09,2.665370e-09,6.356254e-09,1.747788e-08,3.910845e-08,3.705520e-08,1.661153e-08,6.260793e-09,2.660254e-09,1.351569e-09,8.121987e-10,5.658682e-10,4.494743e-10,4.020517e-10,4.016340e-10,4.459519e-10,5.497809e-10,7.548871e-10,1.163680e-09,2.040545e-09,4.132295e-09,9.641057e-09,2.337557e-08,4.033687e-08,3.310089e-08
12,1.403470e+09,0.806209,0.000000e+00,2.077818e-01,2.077816e-01,2.077815e-01,2.077813e-01,2.077811e-01,2.077809e-01,2.077807e-01,2.077805e-01,2.077803e-01,2.077801e-01,2.077799e-01,2.077796e-01,2.077794e-01,2.077791e-01,2.077788e-01,2.077785e-01,2.077782e-01,2.077779e-01,2.077775e-01,2.077772e-01,2.077767e-01,2.077763e-01,2.077758e-01,2.077752e-01,2.077745e-01,2.077737e-01,2.077726e-01,2.077715e-01,2.077703e-01,2.077690e-01,2.077675e-01,2.077656e-01,2.077634e-01,2.077605e-01,2.077562e-01,2.077478e-01,2.077065e-01,2.073479e-01,2.071665e-01,2.070553e-01,2.068994e-01,2.064558e-01,2.048281e-01,2.039962e-01,2.037437e-01,2.036070e-01,2.034996e-01,2.033893e-01,2.032430e-01,2.029616e-01,2.021852e-01,2.006243e-01,2.000006e-01,1.996984e-01,1.993755e-01,1.986580e-01,1.972103e-01,1.965235e-01,1.962545e-01,1.960958e-01,1.959700e-01,1.958440e-01,1.956852e-01,1.954208e-01,1.947832e-01,1.934827e-01,1.927384e-01,1.924284e-01,1.922386e-01,1.920729e-01,1.918748e-01,1.915441e-01,1.907831e-01,1.896280e-01,1.890193e-01,1.887446e-01,1.885819e-01,1.884608e-01,1.883528e-01,1.882398e-01,1.881007e-01,1.878934e-01,1.875016e-01,1.866516e-01,1.856728e-01,1.851680e-01,1.849155e-01,1.847560e-01,1.846321e-01,1.845174e-01,1.843929e-01,1.842334e-01,1.839865e-01,1.835179e-01,1.826519e-01,1.818404e-01,1.814094e-01,1.811780e-01,1.810299e-01,1.809193e-01,1.808255e-01,1.807365e-01,1.806430e-01,1.805337e-01,1.803900e-01,1.801726e-01,1.797883e-01,1.790872e-01,1.782781e-01,1.777636e-01,1.774811e-01,1.773075e-01,1.771846e-01,1.770865e-01,1.769997e-01,1.769154e-01,1.768259e-01,1.767220e-01,1.765886e-01,1.763965e-01,1.760830e-01,1.755368e-01,1.747961e-01,1.742053e-01,1.738534e-01,1.736415e-01,1.734996e-01,1.733941e-01,1.733083e-01,1.732328e-01,1.731618e-01,1.730903e-01,1.730137e-01,1.729259e-01,1.728174e-01,1.726720e-01,1.724573e-01,1.721105e-01,1.715571e-01,1.709006e-01,1.703920e-01,1.700721e-01,1.698695e-01,1.697305e-01,1.696265e-01,1.695426e-01,1.694704e-01,1.694044e-01,1.693409e-01,1.692764e-01,1.692075e-01,1.691299e-01,1.690371e-01,1.689190e-01,1.687573e-01,1.685182e-01,1.681460e-01,1.676103e-01,1.670373e-01,0.000000e+00,6.105804e-21,2.652164e-20,6.503587e-20,1.265085e-19,2.172222e-19,3.453775e-19,5.217638e-19,7.607408e-19,1.081517e-18,1.509392e-18,2.075321e-18,2.815887e-18,3.779784e-18,5.034436e-18,6.675194e-18,8.836213e-18,1.171196e-17,1.559511e-17,2.094101e-17,2.848313e-17,3.946055e-17,5.609389e-17,8.267503e-17,1.283543e-16,2.152515e-16,4.035609e-16,8.289887e-16,1.609173e-15,2.954918e-15,5.314612e-15,9.627720e-15,1.819921e-14,3.758239e-14,9.127544e-14,3.065506e-13,2.276942e-12,2.147538e-10,1.416158e-09,2.330299e-10,2.659064e-10,1.077016e-09,1.783059e-08,5.834310e-08,3.492556e-09,6.432429e-10,2.915187e-10,2.464031e-10,3.474447e-10,8.532521e-10,4.526231e-09,5.081338e-08,2.939006e-08,3.636427e-09,2.147694e-09,5.387545e-09,4.614407e-08,4.249051e-08,4.628654e-09,1.124129e-09,5.458753e-10,4.460590e-10,5.777703e-10,1.212162e-09,4.699024e-09,3.661449e-08,4.562524e-08,6.481718e-09,1.701258e-09,9.740855e-10,1.077447e-09,2.212659e-09,8.883521e-09,5.171088e-08,3.436890e-08,5.827946e-09,1.566160e-09,7.084614e-10,4.820854e-10,4.635235e-10,6.158319e-10,1.149199e-09,3.217623e-09,1.462627e-08,5.465300e-08,2.394332e-08,5.047363e-09,1.616611e-09,8.223999e-10,6.160844e-10,6.478490e-10,9.395551e-10,1.908248e-09,5.700294e-09,2.401341e-08,5.217945e-08,1.957926e-08,4.896004e-09,1.681246e-09,8.162712e-10,5.284061e-10,4.369345e-10,4.503211e-10,5.731642e-10,9.070908e-10,1.833288e-09,4.950837e-09,1.765706e-08,4.672986e-08,2.973043e-08,8.749221e-09,2.868817e-09,1.261723e-09,7.264789e-10,5.266734e-10,4.676120e-10,5.001431e-10,6.404040e-10,9.865969e-10,1.862766e-09,4.439983e-09,1.333371e-08,3.754794e-08,4.063300e-08,1.638816e-08,5.469468e-09,2.184067e-09,1.092907e-09,6.682882e-10,4.859253e-10,4.118332e-10,4.015291e-10,4.471064e-10,5.677823e-10,8.265876e-10,1.397776e-09,2.804055e-09,6.795154e-09,1.880795e-08,4.042118e-08,3.553400e-08,1.538974e-08,5.803875e-09,2.494750e-09,1.283263e-09,7.797346e-10,5.485357e-10,4.394574e-10,3.961748e-10,3.986805e-10,4.458632e-10,5.537260e-10,7.663326e-10,1.191878e-09,2.111730e-09,4.327342e-09,1.020480e-08,2.465672e-08,4.084660e-08,3.182640e-08
13,1.373737e+09,0.801207,0.000000e+00,2.077818e-01,2.077816e-01,2.077815e-01,2.077813e-01,2.077811e-01,2.077809e-01,2.077807e-01,2.077805e-01,2.077803e-01,2.077801e-01,2.077799e-01,2.077796e-01,2.077794e-01,2.077791e-01,2.077788e-01,2.077785e-01,2.077782e-01,2.077779e-01,2.077775e-01,2.077772e-01,2.077768e-01,2.077763e-01,2.077758e-01,2.077752e-01,2.077745e-01,2.077737e-01,2.077727e-01,2.077716e-01,2.077704e-01,2.077691e-01,2.077676e-01,2.077658e-01,2.077636e-01,2.077607e-01,2.077564e-01,2.077481e-01,2.077080e-01,2.073503e-01,2.071674e-01,2.070555e-01,2.068972e-01,2.064364e-01,2.047844e-01,2.039856e-01,2.037401e-01,2.036054e-01,2.034985e-01,2.033875e-01,2.032381e-01,2.029445e-01,2.021114e-01,2.005707e-01,1.999860e-01,1.996923e-01,1.993699e-01,1.986394e-01,1.971877e-01,1.965151e-01,1.962504e-01,1.960930e-01,1.959672e-01,1.958398e-01,1.956767e-01,1.953986e-01,1.947085e-01,1.934006e-01,1.927098e-01,1.924167e-01,1.922327e-01,1.920691e-01,1.918708e-01,1.915355e-01,1.907566e-01,1.896030e-01,1.890082e-01,1.887388e-01,1.885781e-01,1.884576e-01,1.883494e-01,1.882349e-01,1.880921e-01,1.878755e-01,1.874562e-01,1.865581e-01,1.856125e-01,1.851418e-01,1.849025e-01,1.847486e-01,1.846272e-01,1.845137e-01,1.843891e-01,1.842279e-01,1.839756e-01,1.834912e-01,1.826081e-01,1.818123e-01,1.813951e-01,1.811699e-01,1.810247e-01,1.809155e-01,1.808221e-01,1.807330e-01,1.806385e-01,1.805271e-01,1.803788e-01,1.801511e-01,1.797421e-01,1.790081e-01,1.782153e-01,1.777301e-01,1.774630e-01,1.772967e-01,1.771775e-01,1.770815e-01,1.769957e-01,1.769119e-01,1.768222e-01,1.767172e-01,1.765813e-01,1.763837e-01,1.760576e-01,1.754898e-01,1.747453e-01,1.741724e-01,1.738345e-01,1.736300e-01,1.734920e-01,1.733887e-01,1.733041e-01,1.732293e-01,1.731585e-01,1.730868e-01,1.730095e-01,1.729202e-01,1.728091e-01,1.726586e-01,1.724338e-01,1.720674e-01,1.714906e-01,1.708375e-01,1.703506e-01,1.700470e-01,1.698538e-01,1.697200e-01,1.696191e-01,1.695371e-01,1.694661e-01,1.694008e-01,1.693376e-01,1.692732e-01,1.692039e-01,1.691254e-01,1.690310e-01,1.689099e-01,1.687427e-01,1.684932e-01,1.681039e-01,1.675535e-01,1.669863e-01,0.000000e+00,6.105804e-21,2.652164e-20,6.503587e-20,1.265085e-19,2.172223e-19,3.453776e-19,5.217639e-19,7.607399e-19,1.081511e-18,1.509343e-18,2.075053e-18,2.814858e-18,3.776860e-18,5.027543e-18,6.660754e-18,8.808140e-18,1.165993e-17,1.550145e-17,2.077490e-17,2.818917e-17,3.893469e-17,5.512922e-17,8.082745e-17,1.245682e-16,2.066752e-16,3.818639e-16,7.797579e-16,1.525444e-15,2.815774e-15,5.084646e-15,9.234262e-15,1.747258e-14,3.608003e-14,8.755615e-14,2.932743e-13,2.156991e-12,1.983684e-10,1.434740e-09,2.328138e-10,2.682392e-10,1.116252e-09,1.947851e-08,5.404282e-08,3.223424e-09,6.122460e-10,2.838521e-10,2.448167e-10,3.531617e-10,8.997372e-10,4.957648e-09,5.788386e-08,2.525127e-08,3.316470e-09,2.080363e-09,5.434207e-09,4.775422e-08,4.062610e-08,4.419017e-09,1.090514e-09,5.382270e-10,4.483077e-10,5.954771e-10,1.295710e-09,5.318342e-09,4.240003e-08,3.995834e-08,5.623509e-09,1.560611e-09,9.305029e-10,1.059168e-09,2.226819e-09,9.166365e-09,5.324150e-08,3.275004e-08,5.528023e-09,1.507621e-09,6.922787e-10,4.785300e-10,4.684312e-10,6.363422e-10,1.223180e-09,3.570287e-09,1.694482e-08,5.594815e-08,2.073564e-08,4.429743e-09,1.476367e-09,7.754893e-10,5.954970e-10,6.389725e-10,9.438277e-10,1.954563e-09,5.975404e-09,2.551680e-08,5.156769e-08,1.821320e-08,4.571798e-09,1.595479e-09,7.867063e-10,5.166512e-10,4.333370e-10,4.533857e-10,5.869556e-10,9.481336e-10,1.966850e-09,5.487923e-09,1.997006e-08,4.799237e-08,2.668315e-08,7.703402e-09,2.586962e-09,1.167575e-09,6.870883e-10,5.072840e-10,4.575678e-10,4.965135e-10,6.448153e-10,1.008510e-09,1.937763e-09,4.715904e-09,1.441545e-08,3.944150e-08,3.889973e-08,1.501750e-08,5.027517e-09,2.037957e-09,1.035388e-09,6.418365e-10,4.725444e-10,4.052359e-10,3.997101e-10,4.504465e-10,5.794996e-10,8.562028e-10,1.473494e-09,3.019249e-09,7.486526e-09,2.085480e-08,4.196253e-08,3.321084e-08,1.377570e-08,5.213339e-09,2.279161e-09,1.193111e-09,7.363470e-10,5.251425e-10,4.258779e-10,3.882391e-10,3.948385e-10,4.461764e-10,5.600756e-10,7.841434e-10,1.235667e-09,2.223063e-09,4.635543e-09,1.109786e-08,2.658979e-08,4.130771e-08,2.990835e-08
14,1.369035e+09,0.800504,0.000000e+00,2.077818e-01,2.077816e-01,2.077815e-01,2.077813e-01,2.077811e-01,2.077809e-01,2.077807e-01,2.077805e-01,2.077803e-01,2.077801e-01,2.077799e-01,2.077796e-01,2.077794e-01,2.077791e-01,2.077788e-01,2.077785e-01,2.077782e-01,2.077779e-01,2.077775e-01,2.077772e-01,2.077768e-01,2.077763e-01,2.077758e-01,2.077752e-01,2.077745e-01,2.077737e-01,2.077727e-01,2.077716e-01,2.077704e-01,2.077691e-01,2.077676e-01,2.077658e-01,2.077636e-01,2.077607e-01,2.077564e-01,2.077482e-01,2.077080e-01,2.073497e-01,2.071672e-01,2.070552e-01,2.068961e-01,2.064304e-01,2.047729e-01,2.039828e-01,2.037390e-01,2.036048e-01,2.034980e-01,2.033868e-01,2.032366e-01,2.029401e-01,2.020937e-01,2.005590e-01,1.999825e-01,1.996903e-01,1.993673e-01,1.986313e-01,1.971793e-01,1.965122e-01,1.962490e-01,1.960920e-01,1.959662e-01,1.958385e-01,1.956744e-01,1.953931e-01,1.946910e-01,1.933831e-01,1.927036e-01,1.924139e-01,1.922309e-01,1.920677e-01,1.918689e-01,1.915315e-01,1.907461e-01,1.895941e-01,1.890044e-01,1.887368e-01,1.885768e-01,1.884565e-01,1.883482e-01,1.882334e-01,1.880898e-01,1.878709e-01,1.874451e-01,1.865366e-01,1.855993e-01,1.851359e-01,1.848994e-01,1.847466e-01,1.846258e-01,1.845124e-01,1.843876e-01,1.842257e-01,1.839715e-01,1.834820e-01,1.825943e-01,1.818038e-01,1.813908e-01,1.811674e-01,1.810230e-01,1.809141e-01,1.808209e-01,1.807318e-01,1.806371e-01,1.805251e-01,1.803756e-01,1.801453e-01,1.797302e-01,1.789888e-01,1.782007e-01,1.777223e-01,1.774586e-01,1.772939e-01,1.771756e-01,1.770800e-01,1.769944e-01,1.769106e-01,1.768208e-01,1.767155e-01,1.765788e-01,1.763794e-01,1.760496e-01,1.754759e-01,1.747310e-01,1.741634e-01,1.738293e-01,1.736267e-01,1.734898e-01,1.733870e-01,1.733028e-01,1.732281e-01,1.731573e-01,1.730856e-01,1.730081e-01,1.729184e-01,1.728066e-01,1.726546e-01,1.724272e-01,1.720557e-01,1.714733e-01,1.708219e-01,1.703404e-01,1.700408e-01,1.698498e-01,1.697172e-01,1.696170e-01,1.695355e-01,1.694647e-01,1.693996e-01,1.693365e-01,1.692720e-01,1.692026e-01,1.691237e-01,1.690289e-01,1.689069e-01,1.687381e-01,1.684856e-01,1.680915e-01,1.675376e-01,1.669724e-01,0.000000e+00,6.105804e-21,2.652164e-20,6.503587e-20,1.265085e-19,2.172223e-19,3.453776e-19,5.217639e-19,7.607399e-19,1.081511e-18,1.509338e-18,2.075015e-18,2.814712e-18,3.776448e-18,5.026574e-18,6.658725e-18,8.804201e-18,1.165264e-17,1.548836e-17,2.075173e-17,2.814825e-17,3.886170e-17,5.499582e-17,8.057314e-17,1.240504e-16,2.055121e-16,3.789434e-16,7.730399e-16,1.514068e-15,2.797131e-15,5.054518e-15,9.184459e-15,1.738509e-14,3.591264e-14,8.719723e-14,2.923560e-13,2.155048e-12,1.998876e-10,1.425246e-09,2.322656e-10,2.692691e-10,1.129752e-09,1.997905e-08,5.293286e-08,3.160331e-09,6.053522e-10,2.823150e-10,2.447065e-10,3.549043e-10,9.120434e-10,5.065457e-09,5.950393e-08,2.441532e-08,3.254978e-09,2.072729e-09,5.478713e-09,4.844335e-08,3.993717e-08,4.350962e-09,1.080288e-09,5.359287e-10,4.487190e-10,5.996909e-10,1.315836e-09,5.469932e-09,4.371505e-08,3.874690e-08,5.455586e-09,1.533396e-09,9.232040e-10,1.058921e-09,2.242116e-09,9.302041e-09,5.381440e-08,3.218921e-08,5.433150e-09,1.489998e-09,6.875579e-10,4.774499e-10,4.696068e-10,6.414463e-10,1.241610e-09,3.658705e-09,1.752099e-08,5.604837e-08,2.006589e-08,4.305428e-09,1.448223e-09,7.664519e-10,5.921528e-10,6.387462e-10,9.482986e-10,1.974846e-09,6.077561e-09,2.602237e-08,5.132874e-08,1.782098e-08,4.482824e-09,1.572602e-09,7.790807e-10,5.137856e-10,4.326383e-10,4.544649e-10,5.909055e-10,9.593511e-10,2.002684e-09,5.630963e-09,2.056627e-08,4.817551e-08,2.598569e-08,7.479587e-09,2.527126e-09,1.147765e-09,6.790436e-10,5.036316e-10,4.561139e-10,4.968143e-10,6.476578e-10,1.017120e-09,1.963646e-09,4.805627e-09,1.475140e-08,3.995563e-08,3.838768e-08,1.465927e-08,4.915754e-09,2.001601e-09,1.021339e-09,6.355638e-10,4.695444e-10,4.039600e-10,3.996966e-10,4.518591e-10,5.832791e-10,8.650472e-10,1.495321e-09,3.080145e-09,7.679461e-09,2.140235e-08,4.227372e-08,3.260913e-08,1.339990e-08,5.079307e-09,2.230601e-09,1.172934e-09,7.268119e-10,5.201848e-10,4.232058e-10,3.869430e-10,3.946303e-10,4.471875e-10,5.629671e-10,7.906562e-10,1.250331e-09,2.258644e-09,4.731204e-09,1.136733e-08,2.713516e-08,4.136703e-08,2.937918e-08
15,1.350768e+09,0.797455,0.000000e+00,2.077818e-01,2.077816e-01,2.077815e-01,2.077813e-01,2.077811e-01,2.077809e-01,2.077807e-01,2.077805e-01,2.077803e-01,2.077801e-01,2.077799e-01,2.077796e-01,2.077794e-01,2.077791e-01,2.077788e-01,2.077785e-01,2.077782e-01,2.077779e-01,2.077775e-01,2.077772e-01,2.077768e-01,2.077763e-01,2.077758e-01,2.077752e-01,2.077746e-01,2.077738e-01,2.077728e-01,2.077717e-01,2.077705e-01,2.077692e-01,2.077677e-01,2.077659e-01,2.077637e-01,2.077608e-01,2.077566e-01,2.077484e-01,2.077089e-01,2.073510e-01,2.071676e-01,2.070553e-01,2.068945e-01,2.064168e-01,2.047456e-01,2.039762e-01,2.037367e-01,2.036038e-01,2.034972e-01,2.033855e-01,2.032333e-01,2.029286e-01,2.020438e-01,2.005279e-01,1.999737e-01,1.996865e-01,1.993634e-01,1.986179e-01,1.971643e-01,1.965067e-01,1.962463e-01,1.960902e-01,1.959643e-01,1.958357e-01,1.956688e-01,1.953779e-01,1.946403e-01,1.933353e-01,1.926871e-01,1.924070e-01,1.922273e-01,1.920652e-01,1.918661e-01,1.915252e-01,1.907271e-01,1.895773e-01,1.889970e-01,1.887330e-01,1.885743e-01,1.884545e-01,1.883459e-01,1.882302e-01,1.880841e-01,1.878590e-01,1.874143e-01,1.864779e-01,1.855645e-01,1.851207e-01,1.848917e-01,1.847421e-01,1.846228e-01,1.845100e-01,1.843850e-01,1.842218e-01,1.839637e-01,1.834631e-01,1.825649e-01,1.817856e-01,1.813816e-01,1.811622e-01,1.810196e-01,1.809116e-01,1.808187e-01,1.807294e-01,1.806341e-01,1.805207e-01,1.803682e-01,1.801308e-01,1.796991e-01,1.789384e-01,1.781635e-01,1.777027e-01,1.774479e-01,1.772874e-01,1.771713e-01,1.770768e-01,1.769919e-01,1.769083e-01,1.768183e-01,1.767122e-01,1.765737e-01,1.763704e-01,1.760317e-01,1.754438e-01,1.746982e-01,1.741428e-01,1.738174e-01,1.736194e-01,1.734849e-01,1.733835e-01,1.733001e-01,1.732258e-01,1.731552e-01,1.730833e-01,1.730053e-01,1.729147e-01,1.728010e-01,1.726456e-01,1.724113e-01,1.720267e-01,1.714304e-01,1.707835e-01,1.703158e-01,1.700259e-01,1.698403e-01,1.697108e-01,1.696125e-01,1.695321e-01,1.694620e-01,1.693973e-01,1.693344e-01,1.692698e-01,1.692001e-01,1.691207e-01,1.690247e-01,1.689007e-01,1.687280e-01,1.684684e-01,1.680628e-01,1.675005e-01,1.669405e-01,0.000000e+00,6.105804e-21,2.652164e-20,6.503587e-20,1.265085e-19,2.172221e-19,3.453772e-19,5.217635e-19,7.607390e-19,1.081505e-18,1.509303e-18,2.074844e-18,2.814074e-18,3.774656e-18,5.022369e-18,6.649943e-18,8.787174e-18,1.162116e-17,1.543183e-17,2.065178e-17,2.797200e-17,3.854776e-17,5.442308e-17,7.948426e-17,1.218415e-16,2.005768e-16,3.665990e-16,7.442484e-16,1.464532e-15,2.714523e-15,4.917710e-15,8.950823e-15,1.695516e-14,3.502701e-14,8.501412e-14,2.846308e-13,2.086927e-12,1.909662e-10,1.434463e-09,2.320552e-10,2.709740e-10,1.157652e-09,2.118313e-08,5.024494e-08,3.004223e-09,5.869084e-10,2.777278e-10,2.438760e-10,3.589486e-10,9.448945e-10,5.376453e-09,6.403935e-08,2.217991e-08,3.080017e-09,2.036267e-09,5.524645e-09,4.962678e-08,3.871519e-08,4.221197e-09,1.059542e-09,5.313158e-10,4.504483e-10,6.119122e-10,1.374855e-09,5.931009e-09,4.757594e-08,3.541851e-08,5.006690e-09,1.456383e-09,8.988601e-10,1.049680e-09,2.256867e-09,9.521349e-09,5.484196e-08,3.110787e-08,5.242231e-09,1.452447e-09,6.770114e-10,4.750076e-10,4.726916e-10,6.549875e-10,1.292240e-09,3.911044e-09,1.919810e-08,5.599959e-08,1.829900e-08,3.976902e-09,1.371026e-09,7.399795e-10,5.805670e-10,6.343315e-10,9.530567e-10,2.010612e-09,6.284239e-09,2.710632e-08,5.073842e-08,1.696947e-08,4.285340e-09,1.519934e-09,7.607810e-10,5.065023e-10,4.304971e-10,4.566647e-10,6.003383e-10,9.876575e-10,2.096810e-09,6.019660e-09,2.219539e-08,4.846137e-08,2.418873e-08,6.915416e-09,2.373447e-09,1.095335e-09,6.567835e-10,4.926610e-10,4.506186e-10,4.953490e-10,6.516634e-10,1.033613e-09,2.018865e-09,5.009781e-09,1.554408e-08,4.111161e-08,3.714753e-08,1.383336e-08,4.655254e-09,1.914797e-09,9.867865e-10,6.195365e-10,4.614080e-10,3.999873e-10,3.987360e-10,4.542625e-10,5.913021e-10,8.853376e-10,1.547842e-09,3.232153e-09,8.174828e-09,2.280798e-08,4.293448e-08,3.107701e-08,1.248656e-08,4.752536e-09,2.110003e-09,1.121750e-09,7.018830e-10,5.066505e-10,4.153573e-10,3.824495e-10,3.926724e-10,4.479399e-10,5.678243e-10,8.035039e-10,1.281591e-09,2.338471e-09,4.954238e-09,1.201197e-08,2.842489e-08,4.141670e-08,2.811796e-08
16,1.367463e+09,0.800243,0.000000e+00,2.077818e-01,2.077816e-01,2.077815e-01,2.077813e-01,2.077811e-01,2.077809e-01,2.077807e-01,2.077805e-01,2.077803e-01,2.077801e-01,2.077799e-01,2.077796e-01,2.077794e-01,2.077791e-01,2.077788e-01,2.077785e-01,2.077782e-01,2.077779e-01,2.077775e-01,2.077772e-01,2.077768e-01,2.077763e-01,2.077758e-01,2.077752e-01,2.077746e-01,2.077737e-01,2.077727e-01,2.077716e-01,2.077704e-01,2.077691e-01,2.077676e-01,2.077658e-01,2.077636e-01,2.077607e-01,2.077564e-01,2.077482e-01,2.077080e-01,2.073498e-01,2.071672e-01,2.070552e-01,2.068960e-01,2.064291e-01,2.047704e-01,2.039822e-01,2.037388e-01,2.036047e-01,2.034979e-01,2.033867e-01,2.032363e-01,2.029391e-01,2.020894e-01,2.005562e-01,1.999817e-01,1.996900e-01,1.993669e-01,1.986301e-01,1.971780e-01,1.965117e-01,1.962487e-01,1.960918e-01,1.959660e-01,1.958382e-01,1.956739e-01,1.953918e-01,1.946866e-01,1.933789e-01,1.927021e-01,1.924133e-01,1.922306e-01,1.920675e-01,1.918687e-01,1.915310e-01,1.907444e-01,1.895926e-01,1.890037e-01,1.887365e-01,1.885766e-01,1.884563e-01,1.883480e-01,1.882332e-01,1.880893e-01,1.878699e-01,1.874424e-01,1.865314e-01,1.855962e-01,1.851345e-01,1.848987e-01,1.847462e-01,1.846255e-01,1.845122e-01,1.843874e-01,1.842253e-01,1.839708e-01,1.834804e-01,1.825917e-01,1.818022e-01,1.813900e-01,1.811669e-01,1.810227e-01,1.809139e-01,1.808207e-01,1.807316e-01,1.806368e-01,1.805247e-01,1.803750e-01,1.801440e-01,1.797275e-01,1.789843e-01,1.781974e-01,1.777206e-01,1.774577e-01,1.772933e-01,1.771752e-01,1.770797e-01,1.769942e-01,1.769104e-01,1.768206e-01,1.767152e-01,1.765783e-01,1.763786e-01,1.760480e-01,1.754730e-01,1.747280e-01,1.741615e-01,1.738282e-01,1.736260e-01,1.734893e-01,1.733867e-01,1.733025e-01,1.732279e-01,1.731571e-01,1.730854e-01,1.730078e-01,1.729181e-01,1.728061e-01,1.726538e-01,1.724258e-01,1.720532e-01,1.714695e-01,1.708185e-01,1.703382e-01,1.700395e-01,1.698489e-01,1.697166e-01,1.696166e-01,1.695352e-01,1.694645e-01,1.693994e-01,1.693363e-01,1.692718e-01,1.692023e-01,1.691235e-01,1.690285e-01,1.689063e-01,1.687372e-01,1.684841e-01,1.680890e-01,1.675343e-01,1.669696e-01,0.000000e+00,6.105804e-21,2.652164e-20,6.503587e-20,1.265085e-19,2.172223e-19,3.453776e-19,5.217639e-19,7.607398e-19,1.081512e-18,1.509336e-18,2.075003e-18,2.814661e-18,3.776298e-18,5.026219e-18,6.657979e-18,8.802754e-18,1.164995e-17,1.548352e-17,2.074316e-17,2.813310e-17,3.883466e-17,5.494636e-17,8.047890e-17,1.238585e-16,2.050815e-16,3.778620e-16,7.705377e-16,1.509785e-15,2.790004e-15,5.042731e-15,9.164332e-15,1.734804e-14,3.583628e-14,8.700903e-14,2.916891e-13,2.149142e-12,1.991124e-10,1.426010e-09,2.322508e-10,2.694287e-10,1.132279e-09,2.008639e-08,5.268434e-08,3.146244e-09,6.037134e-10,2.819133e-10,2.446375e-10,3.552637e-10,9.148793e-10,5.092209e-09,5.990903e-08,2.420942e-08,3.239059e-09,2.069457e-09,5.482636e-09,4.854488e-08,3.982862e-08,4.339236e-09,1.078414e-09,5.355034e-10,4.488507e-10,6.007148e-10,1.320778e-09,5.508031e-09,4.404579e-08,3.844936e-08,5.414416e-09,1.526439e-09,9.210420e-10,1.058134e-09,2.243514e-09,9.321693e-09,5.390821e-08,3.209264e-08,5.416015e-09,1.486651e-09,6.866263e-10,4.772369e-10,4.698776e-10,6.426203e-10,1.245952e-09,3.680052e-09,1.766257e-08,5.606381e-08,1.990489e-08,4.275339e-09,1.441230e-09,7.640810e-10,5.911275e-10,6.383661e-10,9.487354e-10,1.978011e-09,6.095591e-09,2.611712e-08,5.128088e-08,1.774425e-08,4.464967e-09,1.567869e-09,7.774450e-10,5.131379e-10,4.324480e-10,4.546560e-10,5.917242e-10,9.617921e-10,2.010726e-09,5.663855e-09,2.070525e-08,4.821335e-08,2.582516e-08,7.428169e-09,2.513192e-09,1.143048e-09,6.770570e-10,5.026610e-10,4.556341e-10,4.966953e-10,6.480257e-10,1.018588e-09,1.968629e-09,4.823805e-09,1.482174e-08,4.006281e-08,3.827640e-08,1.458275e-08,4.891606e-09,1.993597e-09,1.018171e-09,6.341009e-10,4.688038e-10,4.035975e-10,3.996042e-10,4.520636e-10,5.839729e-10,8.668013e-10,1.499841e-09,3.093141e-09,7.721613e-09,2.152341e-08,4.233953e-08,3.247528e-08,1.331725e-08,5.049619e-09,2.219697e-09,1.168331e-09,7.245827e-10,5.189812e-10,4.225120e-10,3.865494e-10,3.944626e-10,4.472602e-10,5.634018e-10,7.917919e-10,1.253072e-09,2.265598e-09,4.750522e-09,1.142310e-08,2.724908e-08,4.137697e-08,2.926743e-08
17,1.361801e+09,0.799150,0.000000e+00,2.077818e-01,2.077816e-01,2.077815e-01,2.077813e-01,2.077811e-01,2.077809e-01,2.077807e-01,2.077805e-01,2.077803e-01,2.077801e-01,2.077799e-01,2.077796e-01,2.077794e-01,2.077791e-01,2.077788e-01,2.077785e-01,2.077782e-01,2.077779e-01,2.077775e-01,2.077772e-01,2.077768e-01,2.077763e-01,2.077758e-01,2.077752e-01,2.077746e-01,2.077737e-01,2.077728e-01,2.077716e-01,2.077705e-01,2.077691e-01,2.077676e-01,2.077658e-01,2.077636e-01,2.077608e-01,2.077565e-01,2.077483e-01,2.077089e-01,2.073518e-01,2.071679e-01,2.070558e-01,2.068967e-01,2.064300e-01,2.047700e-01,2.039822e-01,2.037390e-01,2.036050e-01,2.034983e-01,2.033870e-01,2.032365e-01,2.029383e-01,2.020834e-01,2.005524e-01,1.999811e-01,1.996905e-01,1.993686e-01,1.986346e-01,1.971813e-01,1.965126e-01,1.962492e-01,1.960922e-01,1.959663e-01,1.958384e-01,1.956737e-01,1.953903e-01,1.946801e-01,1.933722e-01,1.927001e-01,1.924128e-01,1.922308e-01,1.920681e-01,1.918699e-01,1.915333e-01,1.907489e-01,1.895955e-01,1.890048e-01,1.887371e-01,1.885770e-01,1.884567e-01,1.883483e-01,1.882333e-01,1.880892e-01,1.878691e-01,1.874393e-01,1.865245e-01,1.855920e-01,1.851329e-01,1.848981e-01,1.847462e-01,1.846258e-01,1.845126e-01,1.843881e-01,1.842263e-01,1.839722e-01,1.834826e-01,1.825939e-01,1.818032e-01,1.813905e-01,1.811673e-01,1.810231e-01,1.809143e-01,1.808211e-01,1.807319e-01,1.806372e-01,1.805249e-01,1.803750e-01,1.801434e-01,1.797254e-01,1.789801e-01,1.781940e-01,1.777189e-01,1.774569e-01,1.772931e-01,1.771752e-01,1.770799e-01,1.769946e-01,1.769109e-01,1.768212e-01,1.767158e-01,1.765791e-01,1.763795e-01,1.760489e-01,1.754737e-01,1.747282e-01,1.741616e-01,1.738283e-01,1.736262e-01,1.734896e-01,1.733870e-01,1.733029e-01,1.732283e-01,1.731575e-01,1.730858e-01,1.730083e-01,1.729185e-01,1.728065e-01,1.726541e-01,1.724257e-01,1.720523e-01,1.714675e-01,1.708164e-01,1.703369e-01,1.700388e-01,1.698486e-01,1.697166e-01,1.696167e-01,1.695354e-01,1.694648e-01,1.693998e-01,1.693367e-01,1.692723e-01,1.692029e-01,1.691241e-01,1.690292e-01,1.689071e-01,1.687379e-01,1.684848e-01,1.680895e-01,1.675344e-01,1.669694e-01,0.000000e+00,6.105804e-21,2.652164e-20,6.503587e-20,1.265085e-19,2.172222e-19,3.453774e-19,5.217637e-19,7.607390e-19,1.081508e-18,1.509321e-18,2.074937e-18,2.814428e-18,3.775650e-18,5.024701e-18,6.654820e-18,8.796629e-18,1.163864e-17,1.546320e-17,2.070725e-17,2.806975e-17,3.872175e-17,5.474027e-17,8.008669e-17,1.230618e-16,2.032979e-16,3.733906e-16,7.601045e-16,1.491658e-15,2.759273e-15,4.990653e-15,9.072572e-15,1.717200e-14,3.545171e-14,8.597102e-14,2.874210e-13,2.101124e-12,1.898849e-10,1.449559e-09,2.330157e-10,2.688048e-10,1.128473e-09,2.005394e-08,5.261659e-08,3.135645e-09,6.017335e-10,2.811366e-10,2.441936e-10,3.551813e-10,9.172583e-10,5.127510e-09,6.051627e-08,2.388385e-08,3.207558e-09,2.053314e-09,5.432930e-09,4.816573e-08,4.008701e-08,4.355504e-09,1.079730e-09,5.356688e-10,4.491193e-10,6.019771e-10,1.327634e-09,5.567087e-09,4.459770e-08,3.795168e-08,5.341852e-09,1.512157e-09,9.143744e-10,1.050923e-09,2.226522e-09,9.240215e-09,5.368315e-08,3.225893e-08,5.435490e-09,1.488790e-09,6.868574e-10,4.772623e-10,4.701078e-10,6.437086e-10,1.250755e-09,3.707060e-09,1.785995e-08,5.609487e-08,1.966707e-08,4.228165e-09,1.429083e-09,7.590429e-10,5.878542e-10,6.351337e-10,9.440042e-10,1.967851e-09,6.063832e-09,2.601676e-08,5.131835e-08,1.777712e-08,4.467914e-09,1.567366e-09,7.767737e-10,5.125873e-10,4.320166e-10,4.543683e-10,5.917598e-10,9.629054e-10,2.016348e-09,5.692648e-09,2.084664e-08,4.826540e-08,2.564653e-08,7.366633e-09,2.495040e-09,1.136157e-09,6.736006e-10,5.004237e-10,4.538083e-10,4.948530e-10,6.457650e-10,1.015289e-09,1.962814e-09,4.812384e-09,1.480125e-08,4.006200e-08,3.827302e-08,1.456831e-08,4.883539e-09,1.989641e-09,1.015999e-09,6.327190e-10,4.677937e-10,4.027647e-10,3.988471e-10,4.513267e-10,5.832471e-10,8.661957e-10,1.499929e-09,3.096547e-09,7.740400e-09,2.159622e-08,4.239480e-08,3.238243e-08,1.325247e-08,5.023789e-09,2.209093e-09,1.163243e-09,7.216963e-10,5.170682e-10,4.210514e-10,3.852818e-10,3.932275e-10,4.459215e-10,5.618004e-10,7.896881e-10,1.250058e-09,2.260965e-09,4.743390e-09,1.141526e-08,2.725580e-08,4.138898e-08,2.924646e-08
18,1.366058e+09,0.799972,0.000000e+00,2.077818e-01,2.077816e-01,2.077815e-01,2.077813e-01,2.077811e-01,2.077809e-01,2.077807e-01,2.077805e-01,2.077803e-01,2.077801e-01,2.077799e-01,2.077796e-01,2.077794e-01,2.077791e-01,2.077788e-01,2.077785e-01,2.077782e-01,2.077779e-01,2.077775e-01,2.077772e-01,2.077768e-01,2.077763e-01,2.077758e-01,2.077752e-01,2.077746e-01,2.077737e-01,2.077727e-01,2.077716e-01,2.077704e-01,2.077691e-01,2.077676e-01,2.077658e-01,2.077636e-01,2.077607e-01,2.077565e-01,2.077482e-01,2.077082e-01,2.073503e-01,2.071674e-01,2.070554e-01,2.068961e-01,2.064293e-01,2.047702e-01,2.039821e-01,2.037388e-01,2.036048e-01,2.034980e-01,2.033868e-01,2.032364e-01,2.029389e-01,2.020880e-01,2.005553e-01,1.999816e-01,1.996901e-01,1.993673e-01,1.986312e-01,1.971788e-01,1.965119e-01,1.962488e-01,1.960919e-01,1.959661e-01,1.958383e-01,1.956739e-01,1.953914e-01,1.946850e-01,1.933772e-01,1.927016e-01,1.924132e-01,1.922307e-01,1.920676e-01,1.918689e-01,1.915315e-01,1.907455e-01,1.895933e-01,1.890040e-01,1.887366e-01,1.885767e-01,1.884564e-01,1.883481e-01,1.882332e-01,1.880893e-01,1.878697e-01,1.874416e-01,1.865297e-01,1.855951e-01,1.851341e-01,1.848985e-01,1.847462e-01,1.846256e-01,1.845123e-01,1.843876e-01,1.842256e-01,1.839711e-01,1.834809e-01,1.825922e-01,1.818024e-01,1.813901e-01,1.811670e-01,1.810228e-01,1.809140e-01,1.808208e-01,1.807316e-01,1.806369e-01,1.805248e-01,1.803750e-01,1.801439e-01,1.797270e-01,1.789832e-01,1.781965e-01,1.777201e-01,1.774575e-01,1.772933e-01,1.771752e-01,1.770797e-01,1.769943e-01,1.769105e-01,1.768207e-01,1.767154e-01,1.765785e-01,1.763788e-01,1.760482e-01,1.754732e-01,1.747281e-01,1.741616e-01,1.738282e-01,1.736261e-01,1.734894e-01,1.733868e-01,1.733026e-01,1.732280e-01,1.731572e-01,1.730855e-01,1.730079e-01,1.729182e-01,1.728062e-01,1.726539e-01,1.724257e-01,1.720529e-01,1.714690e-01,1.708179e-01,1.703378e-01,1.700393e-01,1.698489e-01,1.697166e-01,1.696166e-01,1.695352e-01,1.694645e-01,1.693995e-01,1.693364e-01,1.692719e-01,1.692025e-01,1.691236e-01,1.690287e-01,1.689065e-01,1.687374e-01,1.684843e-01,1.680891e-01,1.675343e-01,1.669695e-01,0.000000e+00,6.105804e-21,2.652164e-20,6.503587e-20,1.265085e-19,2.172223e-19,3.453776e-19,5.217639e-19,7.607399e-19,1.081511e-18,1.509333e-18,2.074987e-18,2.814605e-18,3.776140e-18,5.025847e-18,6.657198e-18,8.801241e-18,1.164716e-17,1.547850e-17,2.073428e-17,2.811742e-17,3.880668e-17,5.489526e-17,8.038150e-17,1.236605e-16,2.046376e-16,3.767482e-16,7.679451e-16,1.505287e-15,2.782382e-15,5.029805e-15,9.141525e-15,1.730420e-14,3.574030e-14,8.674922e-14,2.906161e-13,2.136985e-12,1.967450e-10,1.431907e-09,2.324532e-10,2.693036e-10,1.131539e-09,2.008531e-08,5.265148e-08,3.142823e-09,6.031336e-10,2.816967e-10,2.445144e-10,3.552266e-10,9.154220e-10,5.100221e-09,6.004910e-08,2.413277e-08,3.231533e-09,2.065618e-09,5.470822e-09,4.845604e-08,3.989234e-08,4.343183e-09,1.078742e-09,5.355511e-10,4.489240e-10,6.010361e-10,1.322493e-09,5.522733e-09,4.418424e-08,3.832544e-08,5.396525e-09,1.522938e-09,9.194170e-10,1.056392e-09,2.239448e-09,9.302397e-09,5.385598e-08,3.213052e-08,5.420282e-09,1.487084e-09,6.866552e-10,4.772319e-10,4.699298e-10,6.428894e-10,1.247147e-09,3.686765e-09,1.771153e-08,5.607260e-08,1.984541e-08,4.263511e-09,1.438192e-09,7.628249e-10,5.903150e-10,6.375691e-10,9.475769e-10,1.975540e-09,6.087931e-09,2.609323e-08,5.128957e-08,1.775160e-08,4.465529e-09,1.567700e-09,7.772647e-10,5.129967e-10,4.323409e-10,4.545885e-10,5.917442e-10,9.620973e-10,2.012209e-09,5.671343e-09,2.074166e-08,4.822651e-08,2.577907e-08,7.412331e-09,2.508536e-09,1.141288e-09,6.761780e-10,5.020949e-10,4.551746e-10,4.962340e-10,6.474624e-10,1.017758e-09,1.967158e-09,4.820764e-09,1.481590e-08,4.006161e-08,3.827672e-08,1.457963e-08,4.889724e-09,1.992651e-09,1.017645e-09,6.337650e-10,4.685584e-10,4.033957e-10,3.994223e-10,4.518892e-10,5.838072e-10,8.666780e-10,1.499922e-09,3.094143e-09,7.726739e-09,2.154276e-08,4.235393e-08,3.245090e-08,1.330037e-08,5.042941e-09,2.216970e-09,1.167029e-09,7.238479e-10,5.184971e-10,4.221445e-10,3.862320e-10,3.941550e-10,4.469286e-10,5.630071e-10,7.912766e-10,1.252339e-09,2.264484e-09,4.748841e-09,1.142139e-08,2.725115e-08,4.137994e-08,2.926168e-08
19,1.365612e+09,0.799844,0.000000e+00,2.077818e-01,2.077816e-01,2.077815e-01,2.077813e-01,2.077811e-01,2.077809e-01,2.077807e-01,2.077805e-01,2.077803e-01,2.077801e-01,2.077799e-01,2.077796e-01,2.077794e-01,2.077791e-01,2.077788e-01,2.077785e-01,2.077782e-01,2.077779e-01,2.077775e-01,2.077772e-01,2.077768e-01,2.077763e-01,2.077758e-01,2.077752e-01,2.077746e-01,2.077737e-01,2.077727e-01,2.077716e-01,2.077704e-01,2.077691e-01,2.077676e-01,2.077658e-01,2.077636e-01,2.077607e-01,2.077565e-01,2.077482e-01,2.077085e-01,2.073509e-01,2.071676e-01,2.070556e-01,2.068965e-01,2.064308e-01,2.047725e-01,2.039827e-01,2.037391e-01,2.036050e-01,2.034982e-01,2.033870e-01,2.032367e-01,2.029396e-01,2.020901e-01,2.005566e-01,1.999821e-01,1.996906e-01,1.993683e-01,1.986340e-01,1.971813e-01,1.965127e-01,1.962493e-01,1.960922e-01,1.959664e-01,1.958386e-01,1.956743e-01,1.953922e-01,1.946870e-01,1.933790e-01,1.927023e-01,1.924136e-01,1.922311e-01,1.920681e-01,1.918696e-01,1.915329e-01,1.907488e-01,1.895958e-01,1.890050e-01,1.887371e-01,1.885771e-01,1.884568e-01,1.883484e-01,1.882335e-01,1.880897e-01,1.878704e-01,1.874431e-01,1.865323e-01,1.855967e-01,1.851349e-01,1.848990e-01,1.847466e-01,1.846259e-01,1.845127e-01,1.843880e-01,1.842263e-01,1.839723e-01,1.834833e-01,1.825956e-01,1.818044e-01,1.813911e-01,1.811676e-01,1.810233e-01,1.809144e-01,1.808211e-01,1.807320e-01,1.806373e-01,1.805252e-01,1.803756e-01,1.801449e-01,1.797289e-01,1.789861e-01,1.781986e-01,1.777213e-01,1.774582e-01,1.772937e-01,1.771756e-01,1.770801e-01,1.769946e-01,1.769109e-01,1.768212e-01,1.767159e-01,1.765792e-01,1.763799e-01,1.760501e-01,1.754762e-01,1.747311e-01,1.741634e-01,1.738293e-01,1.736268e-01,1.734899e-01,1.733872e-01,1.733030e-01,1.732284e-01,1.731576e-01,1.730859e-01,1.730083e-01,1.729186e-01,1.728068e-01,1.726548e-01,1.724271e-01,1.720551e-01,1.714720e-01,1.708205e-01,1.703395e-01,1.700404e-01,1.698496e-01,1.697171e-01,1.696171e-01,1.695356e-01,1.694649e-01,1.693998e-01,1.693367e-01,1.692723e-01,1.692029e-01,1.691241e-01,1.690293e-01,1.689073e-01,1.687385e-01,1.684860e-01,1.680917e-01,1.675375e-01,1.669723e-01,0.000000e+00,6.105804e-21,2.652164e-20,6.503587e-20,1.265085e-19,2.172222e-19,3.453775e-19,5.217637e-19,7.607398e-19,1.081508e-18,1.509328e-18,2.074975e-18,2.814571e-18,3.776056e-18,5.025659e-18,6.656816e-18,8.800504e-18,1.164580e-17,1.547607e-17,2.073001e-17,2.810992e-17,3.879333e-17,5.487093e-17,8.033532e-17,1.235668e-16,2.044278e-16,3.762217e-16,7.667073e-16,1.503083e-15,2.778522e-15,5.022985e-15,9.128870e-15,1.727834e-14,3.567913e-14,8.656589e-14,2.897520e-13,2.125599e-12,1.941832e-10,1.439570e-09,2.327434e-10,2.689182e-10,1.127670e-09,1.996725e-08,5.287459e-08,3.153261e-09,6.040887e-10,2.818328e-10,2.444379e-10,3.548671e-10,9.135380e-10,5.087333e-09,5.988132e-08,2.421299e-08,3.235601e-09,2.062913e-09,5.448630e-09,4.821348e-08,4.009508e-08,4.360857e-09,1.081098e-09,5.360373e-10,4.488911e-10,6.004700e-10,1.320017e-09,5.505667e-09,4.405113e-08,3.844162e-08,5.410892e-09,1.524664e-09,9.191657e-10,1.054597e-09,2.232015e-09,9.253920e-09,5.368218e-08,3.228639e-08,5.444336e-09,1.491187e-09,6.876707e-10,4.774576e-10,4.697468e-10,6.421144e-10,1.244548e-09,3.675148e-09,1.764101e-08,5.607039e-08,1.991857e-08,4.276261e-09,1.440750e-09,7.633750e-10,5.901720e-10,6.368118e-10,9.454991e-10,1.968900e-09,6.059170e-09,2.596501e-08,5.135098e-08,1.783853e-08,4.484026e-09,1.572153e-09,7.786283e-10,5.134363e-10,4.323737e-10,4.542965e-10,5.909457e-10,9.600736e-10,2.006222e-09,5.648859e-09,2.065378e-08,4.820929e-08,2.587440e-08,7.441264e-09,2.515878e-09,1.143518e-09,6.769268e-10,5.022718e-10,4.550144e-10,4.957173e-10,6.463288e-10,1.015185e-09,1.960427e-09,4.799413e-09,1.474143e-08,3.995820e-08,3.838181e-08,1.464823e-08,4.910202e-09,1.998996e-09,1.019946e-09,6.346943e-10,4.689187e-10,4.034514e-10,3.992410e-10,4.514240e-10,5.828637e-10,8.647316e-10,1.495489e-09,3.082494e-09,7.691676e-09,2.144871e-08,4.230929e-08,3.255048e-08,1.335877e-08,5.062966e-09,2.223931e-09,1.169753e-09,7.250205e-10,5.190062e-10,4.223126e-10,3.861741e-10,3.938875e-10,4.463895e-10,5.620221e-10,7.894306e-10,1.248605e-09,2.256068e-09,4.727473e-09,1.136416e-08,2.714221e-08,4.137454e-08,2.936374e-08
20,1.365916e+09,0.799931,0.000000e+00,2.077818e-01,2.077816e-01,2.077815e-01,2.077813e-01,2.077811e-01,2.077809e-01,2.077807e-01,2.077805e-01,2.077803e-01,2.077801e-01,2.077799e-01,2.077796e-01,2.077794e-01,2.077791e-01,2.077788e-01,2.077785e-01,2.077782e-01,2.077779e-01,2.077775e-01,2.077772e-01,2.077768e-01,2.077763e-01,2.077758e-01,2.077752e-01,2.077746e-01,2.077737e-01,2.077727e-01,2.077716e-01,2.077704e-01,2.077691e-01,2.077676e-01,2.077658e-01,2.077636e-01,2.077607e-01,2.077565e-01,2.077482e-01,2.077083e-01,2.073505e-01,2.071675e-01,2.070554e-01,2.068962e-01,2.064297e-01,2.047709e-01,2.039823e-01,2.037389e-01,2.036049e-01,2.034981e-01,2.033868e-01,2.032365e-01,2.029392e-01,2.020886e-01,2.005557e-01,1.999817e-01,1.996903e-01,1.993676e-01,1.986321e-01,1.971796e-01,1.965122e-01,1.962490e-01,1.960920e-01,1.959662e-01,1.958384e-01,1.956740e-01,1.953917e-01,1.946857e-01,1.933778e-01,1.927019e-01,1.924133e-01,1.922308e-01,1.920678e-01,1.918692e-01,1.915320e-01,1.907465e-01,1.895941e-01,1.890043e-01,1.887368e-01,1.885768e-01,1.884565e-01,1.883482e-01,1.882333e-01,1.880894e-01,1.878699e-01,1.874421e-01,1.865305e-01,1.855956e-01,1.851344e-01,1.848987e-01,1.847463e-01,1.846257e-01,1.845124e-01,1.843877e-01,1.842258e-01,1.839715e-01,1.834817e-01,1.825933e-01,1.818030e-01,1.813904e-01,1.811672e-01,1.810230e-01,1.809141e-01,1.808209e-01,1.807317e-01,1.806370e-01,1.805249e-01,1.803752e-01,1.801442e-01,1.797276e-01,1.789842e-01,1.781972e-01,1.777205e-01,1.774577e-01,1.772934e-01,1.771753e-01,1.770798e-01,1.769944e-01,1.769106e-01,1.768209e-01,1.767155e-01,1.765787e-01,1.763792e-01,1.760488e-01,1.754742e-01,1.747290e-01,1.741621e-01,1.738285e-01,1.736263e-01,1.734896e-01,1.733869e-01,1.733027e-01,1.732281e-01,1.731573e-01,1.730856e-01,1.730081e-01,1.729183e-01,1.728064e-01,1.726542e-01,1.724262e-01,1.720536e-01,1.714699e-01,1.708187e-01,1.703384e-01,1.700397e-01,1.698491e-01,1.697168e-01,1.696168e-01,1.695353e-01,1.694646e-01,1.693996e-01,1.693365e-01,1.692720e-01,1.692026e-01,1.691238e-01,1.690288e-01,1.689068e-01,1.687377e-01,1.684848e-01,1.680899e-01,1.675353e-01,1.669704e-01,0.000000e+00,6.105804e-21,2.652164e-20,6.503587e-20,1.265085e-19,2.172223e-19,3.453776e-19,5.217640e-19,7.607398e-19,1.081511e-18,1.509332e-18,2.074987e-18,2.814598e-18,3.776121e-18,5.025797e-18,6.657088e-18,8.801021e-18,1.164674e-17,1.547774e-17,2.073294e-17,2.811506e-17,3.880249e-17,5.488763e-17,8.036705e-17,1.236312e-16,2.045719e-16,3.765832e-16,7.675571e-16,1.504597e-15,2.781172e-15,5.027666e-15,9.137560e-15,1.729611e-14,3.572123e-14,8.669240e-14,2.903505e-13,2.133509e-12,1.959685e-10,1.434207e-09,2.325391e-10,2.691860e-10,1.130375e-09,2.005038e-08,5.271729e-08,3.146009e-09,6.034264e-10,2.817377e-10,2.444903e-10,3.551154e-10,9.148188e-10,5.096393e-09,5.999965e-08,2.415678e-08,3.232744e-09,2.064731e-09,5.463733e-09,4.837847e-08,3.995649e-08,4.348762e-09,1.079485e-09,5.357020e-10,4.489099e-10,6.008487e-10,1.321676e-09,5.517084e-09,4.413996e-08,3.836427e-08,5.401254e-09,1.523508e-09,9.193396e-10,1.055813e-09,2.237038e-09,9.286649e-09,5.379963e-08,3.218084e-08,5.427986e-09,1.488394e-09,6.869794e-10,4.773048e-10,4.698730e-10,6.426452e-10,1.246326e-09,3.683084e-09,1.768912e-08,5.607249e-08,1.986871e-08,4.267556e-09,1.439004e-09,7.629993e-10,5.902692e-10,6.373271e-10,9.469142e-10,1.973429e-09,6.078810e-09,2.605279e-08,5.130849e-08,1.777913e-08,4.471423e-09,1.569125e-09,7.777022e-10,5.131384e-10,4.323524e-10,4.544965e-10,5.914910e-10,9.614539e-10,2.010301e-09,5.664156e-09,2.071354e-08,4.822134e-08,2.580957e-08,7.421547e-09,2.510873e-09,1.141999e-09,6.764173e-10,5.021519e-10,4.551244e-10,4.960704e-10,6.471032e-10,1.016941e-09,1.965022e-09,4.813983e-09,1.479228e-08,4.002898e-08,3.831010e-08,1.460147e-08,4.896250e-09,1.994675e-09,1.018381e-09,6.340627e-10,4.686743e-10,4.034148e-10,3.993658e-10,4.517422e-10,5.835078e-10,8.660591e-10,1.498511e-09,3.090432e-09,7.715553e-09,2.151274e-08,4.233979e-08,3.248270e-08,1.331894e-08,5.049293e-09,2.219180e-09,1.167895e-09,7.242215e-10,5.186598e-10,4.221989e-10,3.862149e-10,3.940716e-10,4.467595e-10,5.626979e-10,7.906961e-10,1.251165e-09,2.261836e-09,4.742116e-09,1.140338e-08,2.721696e-08,4.137866e-08,2.929410e-08
21,1.365985e+09,0.799920,0.000000e+00,2.077818e-01,2.077816e-01,2.077815e-01,2.077813e-01,2.077811e-01,2.077809e-01,2.077807e-01,2.077805e-01,2.077803e-01,2.077801e-01,2.077799e-01,2.077796e-01,2.077794e-01,2.077791e-01,2.077788e-01,2.077785e-01,2.077782e-01,2.077779e-01,2.077775e-01,2.077772e-01,2.077768e-01,2.077763e-01,2.077758e-01,2.077752e-01,2.077746e-01,2.077737e-01,2.077727e-01,2.077716e-01,2.077704e-01,2.077691e-01,2.077676e-01,2.077658e-01,2.077636e-01,2.077607e-01,2.077565e-01,2.077482e-01,2.077084e-01,2.073507e-01,2.071675e-01,2.070555e-01,2.068964e-01,2.064306e-01,2.047723e-01,2.039827e-01,2.037390e-01,2.036050e-01,2.034982e-01,2.033869e-01,2.032367e-01,2.029396e-01,2.020902e-01,2.005568e-01,1.999821e-01,1.996906e-01,1.993681e-01,1.986335e-01,1.971809e-01,1.965126e-01,1.962492e-01,1.960922e-01,1.959663e-01,1.958385e-01,1.956743e-01,1.953922e-01,1.946872e-01,1.933793e-01,1.927024e-01,1.924136e-01,1.922310e-01,1.920680e-01,1.918695e-01,1.915326e-01,1.907482e-01,1.895954e-01,1.890049e-01,1.887371e-01,1.885770e-01,1.884567e-01,1.883483e-01,1.882335e-01,1.880897e-01,1.878704e-01,1.874432e-01,1.865326e-01,1.855969e-01,1.851349e-01,1.848990e-01,1.847465e-01,1.846259e-01,1.845126e-01,1.843880e-01,1.842262e-01,1.839722e-01,1.834830e-01,1.825952e-01,1.818042e-01,1.813910e-01,1.811676e-01,1.810232e-01,1.809143e-01,1.808211e-01,1.807319e-01,1.806372e-01,1.805252e-01,1.803756e-01,1.801448e-01,1.797289e-01,1.789861e-01,1.781986e-01,1.777213e-01,1.774582e-01,1.772937e-01,1.771756e-01,1.770800e-01,1.769946e-01,1.769108e-01,1.768211e-01,1.767158e-01,1.765791e-01,1.763798e-01,1.760499e-01,1.754760e-01,1.747308e-01,1.741632e-01,1.738292e-01,1.736267e-01,1.734899e-01,1.733871e-01,1.733029e-01,1.732283e-01,1.731575e-01,1.730858e-01,1.730083e-01,1.729186e-01,1.728067e-01,1.726547e-01,1.724270e-01,1.720550e-01,1.714719e-01,1.708205e-01,1.703395e-01,1.700403e-01,1.698495e-01,1.697171e-01,1.696170e-01,1.695356e-01,1.694648e-01,1.693998e-01,1.693367e-01,1.692722e-01,1.692028e-01,1.691240e-01,1.690292e-01,1.689072e-01,1.687384e-01,1.684858e-01,1.680915e-01,1.675373e-01,1.669721e-01,0.000000e+00,6.105804e-21,2.652164e-20,6.503587e-20,1.265085e-19,2.172223e-19,3.453776e-19,5.217639e-19,7.607396e-19,1.081510e-18,1.509331e-18,2.074983e-18,2.814592e-18,3.776108e-18,5.025775e-18,6.657055e-18,8.800957e-18,1.164663e-17,1.547754e-17,2.073259e-17,2.811442e-17,3.880133e-17,5.488549e-17,8.036299e-17,1.236229e-16,2.045532e-16,3.765358e-16,7.674398e-16,1.504361e-15,2.780696e-15,5.026689e-15,9.135446e-15,1.729109e-14,3.570741e-14,8.664400e-14,2.900845e-13,2.129512e-12,1.949741e-10,1.437429e-09,2.326704e-10,2.689984e-10,1.128332e-09,1.998336e-08,5.285114e-08,3.152749e-09,6.041009e-10,2.818614e-10,2.444684e-10,3.549011e-10,9.135339e-10,5.086379e-09,5.986014e-08,2.422578e-08,3.237155e-09,2.064106e-09,5.453454e-09,4.825629e-08,4.006324e-08,4.358423e-09,1.080824e-09,5.359851e-10,4.488728e-10,6.004284e-10,1.319764e-09,5.503257e-09,4.402700e-08,3.846389e-08,5.414398e-09,1.525430e-09,9.196008e-10,1.055181e-09,2.233638e-09,9.262782e-09,5.371015e-08,3.226347e-08,5.441267e-09,1.490736e-09,6.875772e-10,4.774383e-10,4.697469e-10,6.421082e-10,1.244456e-09,3.674388e-09,1.763419e-08,5.606937e-08,1.992764e-08,4.278121e-09,1.441281e-09,7.636333e-10,5.903783e-10,6.370617e-10,9.459374e-10,1.970003e-09,6.063229e-09,2.598078e-08,5.134402e-08,1.783009e-08,4.482492e-09,1.571860e-09,7.785716e-10,5.134401e-10,4.324008e-10,4.543404e-10,5.910114e-10,9.601756e-10,2.006379e-09,5.648972e-09,2.065247e-08,4.820789e-08,2.587752e-08,7.442580e-09,2.516356e-09,1.143744e-09,6.770693e-10,5.023882e-10,4.551327e-10,4.958637e-10,6.465458e-10,1.015573e-09,1.961275e-09,4.801713e-09,1.474834e-08,3.996617e-08,3.837395e-08,1.464389e-08,4.909139e-09,1.998756e-09,1.019903e-09,6.347075e-10,4.689527e-10,4.034977e-10,3.993009e-10,4.515041e-10,5.829796e-10,8.649174e-10,1.495826e-09,3.083196e-09,7.693302e-09,2.145176e-08,4.230922e-08,3.254798e-08,1.335817e-08,5.063010e-09,2.224047e-09,1.169855e-09,7.251062e-10,5.190830e-10,4.223876e-10,3.862545e-10,3.939815e-10,4.465102e-10,5.621920e-10,7.896955e-10,1.249067e-09,2.256978e-09,4.729505e-09,1.136893e-08,2.714997e-08,4.137402e-08,2.935703e-08
22,1.366150e+09,0.799945,0.000000e+00,2.077818e-01,2.077816e-01,2.077815e-01,2.077813e-01,2.077811e-01,2.077809e-01,2.077807e-01,2.077805e-01,2.077803e-01,2.077801e-01,2.077799e-01,2.077796e-01,2.077794e-01,2.077791e-01,2.077788e-01,2.077785e-01,2.077782e-01,2.077779e-01,2.077775e-01,2.077772e-01,2.077768e-01,2.077763e-01,2.077758e-01,2.077752e-01,2.077746e-01,2.077737e-01,2.077727e-01,2.077716e-01,2.077704e-01,2.077691e-01,2.077676e-01,2.077658e-01,2.077636e-01,2.077607e-01,2.077565e-01,2.077482e-01,2.077084e-01,2.073507e-01,2.071676e-01,2.070555e-01,2.068965e-01,2.064308e-01,2.047727e-01,2.039828e-01,2.037391e-01,2.036050e-01,2.034982e-01,2.033870e-01,2.032367e-01,2.029398e-01,2.020909e-01,2.005572e-01,1.999822e-01,1.996906e-01,1.993682e-01,1.986338e-01,1.971812e-01,1.965127e-01,1.962492e-01,1.960922e-01,1.959664e-01,1.958386e-01,1.956744e-01,1.953924e-01,1.946878e-01,1.933799e-01,1.927026e-01,1.924137e-01,1.922311e-01,1.920681e-01,1.918696e-01,1.915328e-01,1.907486e-01,1.895957e-01,1.890050e-01,1.887371e-01,1.885770e-01,1.884567e-01,1.883484e-01,1.882336e-01,1.880898e-01,1.878706e-01,1.874436e-01,1.865333e-01,1.855973e-01,1.851351e-01,1.848991e-01,1.847466e-01,1.846259e-01,1.845127e-01,1.843880e-01,1.842262e-01,1.839723e-01,1.834833e-01,1.825956e-01,1.818044e-01,1.813912e-01,1.811676e-01,1.810233e-01,1.809144e-01,1.808211e-01,1.807320e-01,1.806373e-01,1.805253e-01,1.803757e-01,1.801450e-01,1.797293e-01,1.789868e-01,1.781991e-01,1.777215e-01,1.774583e-01,1.772938e-01,1.771756e-01,1.770801e-01,1.769946e-01,1.769109e-01,1.768211e-01,1.767159e-01,1.765792e-01,1.763799e-01,1.760502e-01,1.754764e-01,1.747313e-01,1.741635e-01,1.738294e-01,1.736268e-01,1.734899e-01,1.733872e-01,1.733030e-01,1.732283e-01,1.731576e-01,1.730858e-01,1.730083e-01,1.729186e-01,1.728068e-01,1.726548e-01,1.724272e-01,1.720554e-01,1.714725e-01,1.708210e-01,1.703398e-01,1.700406e-01,1.698497e-01,1.697172e-01,1.696171e-01,1.695356e-01,1.694649e-01,1.693998e-01,1.693367e-01,1.692722e-01,1.692029e-01,1.691241e-01,1.690292e-01,1.689073e-01,1.687385e-01,1.684861e-01,1.680919e-01,1.675378e-01,1.669725e-01,0.000000e+00,6.105804e-21,2.652164e-20,6.503587e-20,1.265085e-19,2.172223e-19,3.453776e-19,5.217639e-19,7.607399e-19,1.081512e-18,1.509335e-18,2.074987e-18,2.814599e-18,3.776122e-18,5.025804e-18,6.657115e-18,8.801080e-18,1.164687e-17,1.547797e-17,2.073335e-17,2.811581e-17,3.880383e-17,5.489007e-17,8.037168e-17,1.236406e-16,2.045929e-16,3.766354e-16,7.676708e-16,1.504754e-15,2.781341e-15,5.027733e-15,9.137166e-15,1.729409e-14,3.571307e-14,8.665572e-14,2.901112e-13,2.129486e-12,1.948983e-10,1.437857e-09,2.326955e-10,2.689612e-10,1.127829e-09,1.996362e-08,5.289533e-08,3.155016e-09,6.043501e-10,2.819168e-10,2.444715e-10,3.548352e-10,9.130890e-10,5.082264e-09,5.979974e-08,2.425578e-08,3.239360e-09,2.064396e-09,5.451932e-09,4.823197e-08,4.008587e-08,4.360587e-09,1.081147e-09,5.360545e-10,4.488536e-10,6.002792e-10,1.319064e-09,5.497983e-09,4.398222e-08,3.850362e-08,5.419882e-09,1.526324e-09,9.198393e-10,1.055185e-09,2.233101e-09,9.257956e-09,5.368995e-08,3.228325e-08,5.444434e-09,1.491322e-09,6.877346e-10,4.774748e-10,4.697080e-10,6.419367e-10,1.243833e-09,3.671383e-09,1.761469e-08,5.606721e-08,1.994975e-08,4.282264e-09,1.442229e-09,7.639396e-10,5.904919e-10,6.370699e-10,9.457858e-10,1.969315e-09,6.059767e-09,2.596360e-08,5.135148e-08,1.784297e-08,4.485431e-09,1.572618e-09,7.788240e-10,5.135341e-10,4.324225e-10,4.543019e-10,5.908746e-10,9.597880e-10,2.005140e-09,5.644020e-09,2.063201e-08,4.820224e-08,2.590098e-08,7.450143e-09,2.518393e-09,1.144423e-09,6.773469e-10,5.025154e-10,4.551854e-10,4.958570e-10,6.464541e-10,1.015287e-09,1.960407e-09,4.798665e-09,1.473684e-08,3.994908e-08,3.839173e-08,1.465585e-08,4.912840e-09,1.999961e-09,1.020371e-09,6.349169e-10,4.690531e-10,4.035406e-10,3.993013e-10,4.514564e-10,5.828514e-10,8.646152e-10,1.495076e-09,3.081089e-09,7.686577e-09,2.143274e-08,4.229942e-08,3.256912e-08,1.337089e-08,5.067502e-09,2.225677e-09,1.170535e-09,7.254290e-10,5.192523e-10,4.224802e-10,3.863011e-10,3.939920e-10,4.464805e-10,5.621004e-10,7.894845e-10,1.248586e-09,2.255802e-09,4.726323e-09,1.135992e-08,2.713188e-08,4.137281e-08,2.937494e-08
23,1.368934e+09,0.800410,0.000000e+00,2.077818e-01,2.077816e-01,2.077815e-01,2.077813e-01,2.077811e-01,2.077809e-01,2.077807e-01,2.077805e-01,2.077803e-01,2.077801e-01,2.077799e-01,2.077796e-01,2.077794e-01,2.077791e-01,2.077788e-01,2.077785e-01,2.077782e-01,2.077779e-01,2.077775e-01,2.077772e-01,2.077768e-01,2.077763e-01,2.077758e-01,2.077752e-01,2.077745e-01,2.077737e-01,2.077727e-01,2.077716e-01,2.077704e-01,2.077691e-01,2.077676e-01,2.077658e-01,2.077636e-01,2.077607e-01,2.077564e-01,2.077482e-01,2.077083e-01,2.073505e-01,2.071675e-01,2.070555e-01,2.068967e-01,2.064328e-01,2.047769e-01,2.039838e-01,2.037394e-01,2.036052e-01,2.034983e-01,2.033871e-01,2.032372e-01,2.029415e-01,2.020983e-01,2.005620e-01,1.999836e-01,1.996912e-01,1.993688e-01,1.986357e-01,1.971834e-01,1.965135e-01,1.962496e-01,1.960925e-01,1.959667e-01,1.958390e-01,1.956752e-01,1.953946e-01,1.946954e-01,1.933873e-01,1.927052e-01,1.924148e-01,1.922316e-01,1.920684e-01,1.918700e-01,1.915337e-01,1.907514e-01,1.895982e-01,1.890061e-01,1.887377e-01,1.885774e-01,1.884571e-01,1.883487e-01,1.882340e-01,1.880906e-01,1.878724e-01,1.874482e-01,1.865422e-01,1.856027e-01,1.851375e-01,1.849003e-01,1.847473e-01,1.846264e-01,1.845130e-01,1.843884e-01,1.842268e-01,1.839734e-01,1.834861e-01,1.826000e-01,1.818072e-01,1.813925e-01,1.811684e-01,1.810238e-01,1.809147e-01,1.808215e-01,1.807323e-01,1.806377e-01,1.805259e-01,1.803768e-01,1.801472e-01,1.797339e-01,1.789944e-01,1.782049e-01,1.777246e-01,1.774600e-01,1.772948e-01,1.771763e-01,1.770806e-01,1.769950e-01,1.769112e-01,1.768215e-01,1.767163e-01,1.765799e-01,1.763813e-01,1.760528e-01,1.754812e-01,1.747363e-01,1.741667e-01,1.738312e-01,1.736279e-01,1.734907e-01,1.733877e-01,1.733034e-01,1.732287e-01,1.731579e-01,1.730862e-01,1.730088e-01,1.729192e-01,1.728076e-01,1.726561e-01,1.724295e-01,1.720597e-01,1.714789e-01,1.708269e-01,1.703436e-01,1.700429e-01,1.698511e-01,1.697182e-01,1.696178e-01,1.695361e-01,1.694653e-01,1.694002e-01,1.693370e-01,1.692726e-01,1.692032e-01,1.691245e-01,1.690299e-01,1.689082e-01,1.687400e-01,1.684886e-01,1.680962e-01,1.675434e-01,1.669774e-01,0.000000e+00,6.105804e-21,2.652164e-20,6.503587e-20,1.265085e-19,2.172223e-19,3.453776e-19,5.217639e-19,7.607396e-19,1.081510e-18,1.509335e-18,2.075006e-18,2.814689e-18,3.776390e-18,5.026439e-18,6.658449e-18,8.803670e-18,1.165166e-17,1.548661e-17,2.074864e-17,2.814280e-17,3.885194e-17,5.497795e-17,8.053916e-17,1.239812e-16,2.053566e-16,3.785515e-16,7.721111e-16,1.512365e-15,2.794020e-15,5.048714e-15,9.173009e-15,1.736010e-14,3.584917e-14,8.699125e-14,2.913004e-13,2.140012e-12,1.962810e-10,1.436384e-09,2.327231e-10,2.687017e-10,1.123708e-09,1.978794e-08,5.331375e-08,3.179832e-09,6.072535e-10,2.826368e-10,2.446092e-10,3.542423e-10,9.082846e-10,5.037105e-09,5.911017e-08,2.460817e-08,3.266703e-09,2.070095e-09,5.445944e-09,4.806464e-08,4.026119e-08,4.379944e-09,1.084232e-09,5.367352e-10,4.485908e-10,5.984663e-10,1.310415e-09,5.431575e-09,4.340232e-08,3.902274e-08,5.491882e-09,1.538483e-09,9.236456e-10,1.056652e-09,2.231047e-09,9.226355e-09,5.353362e-08,3.244493e-08,5.473523e-09,1.497015e-09,6.893228e-10,4.778363e-10,4.692387e-10,6.399109e-10,1.236347e-09,3.634592e-09,1.737051e-08,5.603436e-08,2.022977e-08,4.334707e-09,1.454419e-09,7.680875e-10,5.923091e-10,6.377908e-10,9.451596e-10,1.964217e-09,6.030162e-09,2.580605e-08,5.142953e-08,1.797302e-08,4.515815e-09,1.580690e-09,7.816169e-10,5.146431e-10,4.327504e-10,4.539773e-10,5.894743e-10,9.556047e-10,1.991337e-09,5.587522e-09,2.039259e-08,4.813327e-08,2.618024e-08,7.539981e-09,2.542760e-09,1.152678e-09,6.808344e-10,5.042331e-10,4.560540e-10,4.961144e-10,6.459015e-10,1.012919e-09,1.952320e-09,4.768959e-09,1.462123e-08,3.976882e-08,3.857494e-08,1.478457e-08,4.953672e-09,2.013518e-09,1.025744e-09,6.374016e-10,4.703134e-10,4.041592e-10,3.994607e-10,4.511099e-10,5.816691e-10,8.616233e-10,1.487361e-09,3.058889e-09,7.614534e-09,2.122501e-08,4.218285e-08,3.279928e-08,1.351433e-08,5.119102e-09,2.244633e-09,1.178539e-09,7.293106e-10,5.213538e-10,4.236985e-10,3.870023e-10,3.943073e-10,4.463900e-10,5.614032e-10,7.876154e-10,1.244031e-09,2.244199e-09,4.694016e-09,1.126642e-08,2.693925e-08,4.135260e-08,2.956431e-08
24,1.366363e+09,0.799980,0.000000e+00,2.077818e-01,2.077816e-01,2.077815e-01,2.077813e-01,2.077811e-01,2.077809e-01,2.077807e-01,2.077805e-01,2.077803e-01,2.077801e-01,2.077799e-01,2.077796e-01,2.077794e-01,2.077791e-01,2.077788e-01,2.077785e-01,2.077782e-01,2.077779e-01,2.077775e-01,2.077772e-01,2.077768e-01,2.077763e-01,2.077758e-01,2.077752e-01,2.077746e-01,2.077737e-01,2.077727e-01,2.077716e-01,2.077704e-01,2.077691e-01,2.077676e-01,2.077658e-01,2.077636e-01,2.077607e-01,2.077565e-01,2.077482e-01,2.077084e-01,2.073507e-01,2.071675e-01,2.070555e-01,2.068965e-01,2.064309e-01,2.047730e-01,2.039828e-01,2.037391e-01,2.036050e-01,2.034982e-01,2.033870e-01,2.032368e-01,2.029399e-01,2.020915e-01,2.005576e-01,1.999823e-01,1.996907e-01,1.993682e-01,1.986339e-01,1.971813e-01,1.965128e-01,1.962493e-01,1.960922e-01,1.959664e-01,1.958386e-01,1.956744e-01,1.953926e-01,1.946884e-01,1.933804e-01,1.927028e-01,1.924138e-01,1.922311e-01,1.920681e-01,1.918696e-01,1.915328e-01,1.907488e-01,1.895959e-01,1.890051e-01,1.887372e-01,1.885771e-01,1.884568e-01,1.883484e-01,1.882336e-01,1.880898e-01,1.878707e-01,1.874440e-01,1.865340e-01,1.855977e-01,1.851353e-01,1.848992e-01,1.847467e-01,1.846260e-01,1.845127e-01,1.843880e-01,1.842263e-01,1.839724e-01,1.834835e-01,1.825960e-01,1.818046e-01,1.813913e-01,1.811677e-01,1.810233e-01,1.809144e-01,1.808212e-01,1.807320e-01,1.806373e-01,1.805253e-01,1.803758e-01,1.801452e-01,1.797296e-01,1.789874e-01,1.781996e-01,1.777218e-01,1.774584e-01,1.772939e-01,1.771757e-01,1.770801e-01,1.769947e-01,1.769109e-01,1.768212e-01,1.767159e-01,1.765792e-01,1.763800e-01,1.760503e-01,1.754768e-01,1.747317e-01,1.741638e-01,1.738295e-01,1.736269e-01,1.734900e-01,1.733872e-01,1.733030e-01,1.732284e-01,1.731576e-01,1.730859e-01,1.730084e-01,1.729187e-01,1.728069e-01,1.726549e-01,1.724274e-01,1.720557e-01,1.714730e-01,1.708214e-01,1.703401e-01,1.700407e-01,1.698498e-01,1.697173e-01,1.696171e-01,1.695357e-01,1.694649e-01,1.693999e-01,1.693367e-01,1.692723e-01,1.692029e-01,1.691241e-01,1.690293e-01,1.689074e-01,1.687386e-01,1.684863e-01,1.680922e-01,1.675382e-01,1.669729e-01,0.000000e+00,6.105804e-21,2.652164e-20,6.503587e-20,1.265085e-19,2.172223e-19,3.453776e-19,5.217639e-19,7.607398e-19,1.081511e-18,1.509334e-18,2.074989e-18,2.814606e-18,3.776144e-18,5.025857e-18,6.657225e-18,8.801291e-18,1.164725e-17,1.547864e-17,2.073454e-17,2.811790e-17,3.880755e-17,5.489684e-17,8.038455e-17,1.236667e-16,2.046514e-16,3.767818e-16,7.680102e-16,1.505335e-15,2.782310e-15,5.029337e-15,9.139913e-15,1.729917e-14,3.572363e-14,8.668196e-14,2.902055e-13,2.130339e-12,1.950127e-10,1.437710e-09,2.326957e-10,2.689412e-10,1.127538e-09,1.995281e-08,5.291890e-08,3.156841e-09,6.045616e-10,2.819679e-10,2.444785e-10,3.547830e-10,9.127024e-10,5.078353e-09,5.973919e-08,2.428500e-08,3.241524e-09,2.064892e-09,5.451785e-09,4.822357e-08,4.009636e-08,4.361955e-09,1.081369e-09,5.361039e-10,4.488330e-10,6.001407e-10,1.318399e-09,5.492827e-09,4.393687e-08,3.854415e-08,5.425370e-09,1.527255e-09,9.201339e-10,1.055305e-09,2.232982e-09,9.255863e-09,5.367928e-08,3.229427e-08,5.446592e-09,1.491747e-09,6.878526e-10,4.775003e-10,4.696705e-10,6.417800e-10,1.243256e-09,3.668550e-09,1.759587e-08,5.606500e-08,1.997076e-08,4.286169e-09,1.443137e-09,7.642499e-10,5.906303e-10,6.371277e-10,9.457474e-10,1.968957e-09,6.057620e-09,2.595213e-08,5.135770e-08,1.785264e-08,4.487684e-09,1.573216e-09,7.790304e-10,5.136154e-10,4.324447e-10,4.542737e-10,5.907620e-10,9.594556e-10,2.004050e-09,5.639568e-09,2.061318e-08,4.819710e-08,2.592262e-08,7.457044e-09,2.520263e-09,1.145056e-09,6.776147e-10,5.026480e-10,4.552532e-10,4.958790e-10,6.464160e-10,1.015115e-09,1.959819e-09,4.796497e-09,1.472839e-08,3.993590e-08,3.840494e-08,1.466537e-08,4.915885e-09,2.000977e-09,1.020775e-09,6.351040e-10,4.691482e-10,4.035875e-10,3.993134e-10,4.514299e-10,5.827606e-10,8.643856e-10,1.494483e-09,3.079374e-09,7.680980e-09,2.141661e-08,4.229076e-08,3.258724e-08,1.338194e-08,5.071448e-09,2.227124e-09,1.171146e-09,7.257261e-10,5.194135e-10,4.225742e-10,3.863557e-10,3.940173e-10,4.464753e-10,5.620498e-10,7.893456e-10,1.248245e-09,2.254931e-09,4.723894e-09,1.135290e-08,2.711747e-08,4.137142e-08,2.938923e-08
25,1.367107e+09,0.800116,0.000000e+00,2.077818e-01,2.077816e-01,2.077815e-01,2.077813e-01,2.077811e-01,2.077809e-01,2.077807e-01,2.077805e-01,2.077803e-01,2.077801e-01,2.077799e-01,2.077796e-01,2.077794e-01,2.077791e-01,2.077788e-01,2.077785e-01,2.077782e-01,2.077779e-01,2.077775e-01,2.077772e-01,2.077768e-01,2.077763e-01,2.077758e-01,2.077752e-01,2.077746e-01,2.077737e-01,2.077727e-01,2.077716e-01,2.077704e-01,2.077691e-01,2.077676e-01,2.077658e-01,2.077636e-01,2.077607e-01,2.077565e-01,2.077482e-01,2.077083e-01,2.073506e-01,2.071675e-01,2.070555e-01,2.068965e-01,2.064311e-01,2.047734e-01,2.039829e-01,2.037391e-01,2.036050e-01,2.034982e-01,2.033870e-01,2.032368e-01,2.029401e-01,2.020927e-01,2.005583e-01,1.999825e-01,1.996907e-01,1.993682e-01,1.986337e-01,1.971813e-01,1.965128e-01,1.962493e-01,1.960922e-01,1.959664e-01,1.958387e-01,1.956745e-01,1.953929e-01,1.946897e-01,1.933818e-01,1.927033e-01,1.924139e-01,1.922312e-01,1.920681e-01,1.918695e-01,1.915328e-01,1.907487e-01,1.895959e-01,1.890051e-01,1.887372e-01,1.885771e-01,1.884568e-01,1.883484e-01,1.882336e-01,1.880899e-01,1.878710e-01,1.874447e-01,1.865354e-01,1.855986e-01,1.851357e-01,1.848994e-01,1.847467e-01,1.846260e-01,1.845127e-01,1.843880e-01,1.842263e-01,1.839724e-01,1.834836e-01,1.825962e-01,1.818048e-01,1.813914e-01,1.811678e-01,1.810233e-01,1.809144e-01,1.808212e-01,1.807320e-01,1.806373e-01,1.805254e-01,1.803759e-01,1.801455e-01,1.797303e-01,1.789885e-01,1.782004e-01,1.777222e-01,1.774587e-01,1.772940e-01,1.771758e-01,1.770802e-01,1.769947e-01,1.769109e-01,1.768212e-01,1.767159e-01,1.765793e-01,1.763801e-01,1.760505e-01,1.754772e-01,1.747322e-01,1.741641e-01,1.738297e-01,1.736270e-01,1.734900e-01,1.733873e-01,1.733030e-01,1.732284e-01,1.731576e-01,1.730859e-01,1.730084e-01,1.729187e-01,1.728069e-01,1.726550e-01,1.724276e-01,1.720562e-01,1.714738e-01,1.708222e-01,1.703406e-01,1.700410e-01,1.698500e-01,1.697174e-01,1.696172e-01,1.695357e-01,1.694649e-01,1.693999e-01,1.693367e-01,1.692723e-01,1.692029e-01,1.691241e-01,1.690293e-01,1.689074e-01,1.687387e-01,1.684865e-01,1.680926e-01,1.675388e-01,1.669734e-01,0.000000e+00,6.105804e-21,2.652164e-20,6.503587e-20,1.265085e-19,2.172223e-19,3.453776e-19,5.217640e-19,7.607400e-19,1.081511e-18,1.509334e-18,2.074996e-18,2.814639e-18,3.776229e-18,5.026053e-18,6.657625e-18,8.802061e-18,1.164867e-17,1.548121e-17,2.073907e-17,2.812587e-17,3.882172e-17,5.492270e-17,8.043378e-17,1.237667e-16,2.048755e-16,3.773437e-16,7.693164e-16,1.507594e-15,2.786116e-15,5.035735e-15,9.151074e-15,1.732030e-14,3.576889e-14,8.680078e-14,2.906748e-13,2.135328e-12,1.959072e-10,1.435652e-09,2.326373e-10,2.689681e-10,1.127442e-09,1.993708e-08,5.296939e-08,3.160237e-09,6.050229e-10,2.821076e-10,2.445328e-10,3.547384e-10,9.120432e-10,5.071407e-09,5.962728e-08,2.434500e-08,3.246779e-09,2.066749e-09,5.455110e-09,4.823573e-08,4.009370e-08,4.362580e-09,1.081571e-09,5.361566e-10,4.487808e-10,5.998466e-10,1.316941e-09,5.481169e-09,4.383246e-08,3.863763e-08,5.438722e-09,1.529672e-09,9.210698e-10,1.056044e-09,2.234154e-09,9.259186e-09,5.368154e-08,3.229767e-08,5.447964e-09,1.492154e-09,6.879958e-10,4.775349e-10,4.696024e-10,6.414819e-10,1.242095e-09,3.662588e-09,1.755499e-08,5.605852e-08,2.001906e-08,4.295488e-09,1.445401e-09,7.650926e-10,5.910836e-10,6.374615e-10,9.460578e-10,1.969227e-09,6.057057e-09,2.594371e-08,5.136265e-08,1.786352e-08,4.490613e-09,1.574101e-09,7.793772e-10,5.137762e-10,4.325144e-10,4.542639e-10,5.906145e-10,9.589332e-10,2.002166e-09,5.631367e-09,2.057680e-08,4.818573e-08,2.596592e-08,7.471243e-09,2.524227e-09,1.146457e-09,6.782504e-10,5.030040e-10,4.554886e-10,4.960522e-10,6.465379e-10,1.015134e-09,1.959460e-09,4.794417e-09,1.471835e-08,3.991784e-08,3.842381e-08,1.467944e-08,4.920629e-09,2.002655e-09,1.021489e-09,6.354652e-10,4.693559e-10,4.037157e-10,3.993885e-10,4.514514e-10,5.826948e-10,8.641232e-10,1.493677e-09,3.076815e-09,7.672082e-09,2.138953e-08,4.227412e-08,3.261780e-08,1.340188e-08,5.078879e-09,2.229951e-09,1.172390e-09,7.263623e-10,5.197853e-10,4.228174e-10,3.865293e-10,3.941477e-10,4.465708e-10,5.621016e-10,7.893124e-10,1.247998e-09,2.254061e-09,4.721012e-09,1.134353e-08,2.709639e-08,4.136848e-08,2.941093e-08
26,1.366489e+09,0.800003,0.000000e+00,2.077818e-01,2.077816e-01,2.077815e-01,2.077813e-01,2.077811e-01,2.077809e-01,2.077807e-01,2.077805e-01,2.077803e-01,2.077801e-01,2.077799e-01,2.077796e-01,2.077794e-01,2.077791e-01,2.077788e-01,2.077785e-01,2.077782e-01,2.077779e-01,2.077775e-01,2.077772e-01,2.077768e-01,2.077763e-01,2.077758e-01,2.077752e-01,2.077746e-01,2.077737e-01,2.077727e-01,2.077716e-01,2.077704e-01,2.077691e-01,2.077676e-01,2.077658e-01,2.077636e-01,2.077607e-01,2.077565e-01,2.077482e-01,2.077084e-01,2.073507e-01,2.071675e-01,2.070555e-01,2.068965e-01,2.064310e-01,2.047731e-01,2.039829e-01,2.037391e-01,2.036050e-01,2.034982e-01,2.033870e-01,2.032368e-01,2.029399e-01,2.020917e-01,2.005577e-01,1.999824e-01,1.996907e-01,1.993682e-01,1.986339e-01,1.971814e-01,1.965128e-01,1.962493e-01,1.960922e-01,1.959664e-01,1.958386e-01,1.956744e-01,1.953926e-01,1.946886e-01,1.933806e-01,1.927029e-01,1.924138e-01,1.922311e-01,1.920681e-01,1.918696e-01,1.915329e-01,1.907488e-01,1.895960e-01,1.890051e-01,1.887372e-01,1.885771e-01,1.884568e-01,1.883484e-01,1.882336e-01,1.880898e-01,1.878708e-01,1.874441e-01,1.865342e-01,1.855978e-01,1.851354e-01,1.848992e-01,1.847467e-01,1.846260e-01,1.845127e-01,1.843880e-01,1.842263e-01,1.839724e-01,1.834835e-01,1.825960e-01,1.818047e-01,1.813913e-01,1.811677e-01,1.810233e-01,1.809144e-01,1.808212e-01,1.807320e-01,1.806373e-01,1.805253e-01,1.803758e-01,1.801453e-01,1.797297e-01,1.789875e-01,1.781997e-01,1.777218e-01,1.774585e-01,1.772939e-01,1.771757e-01,1.770801e-01,1.769947e-01,1.769109e-01,1.768212e-01,1.767159e-01,1.765792e-01,1.763800e-01,1.760504e-01,1.754769e-01,1.747318e-01,1.741638e-01,1.738295e-01,1.736269e-01,1.734900e-01,1.733872e-01,1.733030e-01,1.732284e-01,1.731576e-01,1.730859e-01,1.730084e-01,1.729187e-01,1.728069e-01,1.726549e-01,1.724274e-01,1.720558e-01,1.714731e-01,1.708216e-01,1.703402e-01,1.700408e-01,1.698498e-01,1.697173e-01,1.696171e-01,1.695357e-01,1.694649e-01,1.693999e-01,1.693367e-01,1.692723e-01,1.692029e-01,1.691241e-01,1.690293e-01,1.689074e-01,1.687386e-01,1.684863e-01,1.680923e-01,1.675384e-01,1.669730e-01,0.000000e+00,6.105804e-21,2.652164e-20,6.503587e-20,1.265085e-19,2.172223e-19,3.453776e-19,5.217639e-19,7.607397e-19,1.081511e-18,1.509332e-18,2.074987e-18,2.814608e-18,3.776153e-18,5.025880e-18,6.657281e-18,8.801400e-18,1.164746e-17,1.547904e-17,2.073525e-17,2.811915e-17,3.880979e-17,5.490098e-17,8.039252e-17,1.236830e-16,2.046880e-16,3.768742e-16,7.682257e-16,1.505708e-15,2.782939e-15,5.030393e-15,9.141752e-15,1.730263e-14,3.573096e-14,8.670087e-14,2.902782e-13,2.131082e-12,1.951409e-10,1.437428e-09,2.326881e-10,2.689407e-10,1.127472e-09,1.994868e-08,5.292997e-08,3.157558e-09,6.046555e-10,2.819969e-10,2.444926e-10,3.547866e-10,9.126338e-10,5.077673e-09,5.972686e-08,2.429198e-08,3.242160e-09,2.065058e-09,5.451740e-09,4.821950e-08,4.010087e-08,4.362526e-09,1.081472e-09,5.361363e-10,4.488424e-10,6.001226e-10,1.318255e-09,5.491525e-09,4.392456e-08,3.855575e-08,5.427007e-09,1.527551e-09,9.202426e-10,1.055371e-09,2.233013e-09,9.255452e-09,5.367603e-08,3.229752e-08,5.447263e-09,1.491893e-09,6.879003e-10,4.775184e-10,4.696702e-10,6.417466e-10,1.243103e-09,3.667706e-09,1.758981e-08,5.606427e-08,1.997780e-08,4.287509e-09,1.443461e-09,7.643689e-10,5.906906e-10,6.371657e-10,9.457663e-10,1.968910e-09,6.057150e-09,2.594909e-08,5.135899e-08,1.785558e-08,4.488428e-09,1.573430e-09,7.791123e-10,5.136540e-10,4.324650e-10,4.542808e-10,5.907495e-10,9.593919e-10,2.003798e-09,5.638423e-09,2.060793e-08,4.819567e-08,2.592920e-08,7.459203e-09,2.520872e-09,1.145273e-09,6.777132e-10,5.027025e-10,4.552878e-10,4.959017e-10,6.464256e-10,1.015096e-09,1.959702e-09,4.795954e-09,1.472602e-08,3.993204e-08,3.840943e-08,1.466835e-08,4.916841e-09,2.001308e-09,1.020914e-09,6.351742e-10,4.691889e-10,4.036133e-10,3.993302e-10,4.514382e-10,5.827561e-10,8.643525e-10,1.494369e-09,3.078998e-09,7.679659e-09,2.141256e-08,4.228813e-08,3.259178e-08,1.338503e-08,5.072621e-09,2.227574e-09,1.171345e-09,7.258276e-10,5.194723e-10,4.226120e-10,3.863817e-10,3.940355e-10,4.464862e-10,5.620505e-10,7.893264e-10,1.248177e-09,2.254726e-09,4.723263e-09,1.135093e-08,2.711312e-08,4.137067e-08,2.939341e-08
27,1.366820e+09,0.800072,0.000000e+00,2.077818e-01,2.077816e-01,2.077815e-01,2.077813e-01,2.077811e-01,2.077809e-01,2.077807e-01,2.077805e-01,2.077803e-01,2.077801e-01,2.077799e-01,2.077796e-01,2.077794e-01,2.077791e-01,2.077788e-01,2.077785e-01,2.077782e-01,2.077779e-01,2.077775e-01,2.077772e-01,2.077768e-01,2.077763e-01,2.077758e-01,2.077752e-01,2.077746e-01,2.077737e-01,2.077727e-01,2.077716e-01,2.077704e-01,2.077691e-01,2.077676e-01,2.077658e-01,2.077636e-01,2.077607e-01,2.077565e-01,2.077482e-01,2.077083e-01,2.073505e-01,2.071675e-01,2.070555e-01,2.068964e-01,2.064308e-01,2.047729e-01,2.039828e-01,2.037391e-01,2.036050e-01,2.034981e-01,2.033869e-01,2.032367e-01,2.029399e-01,2.020917e-01,2.005577e-01,1.999823e-01,1.996906e-01,1.993680e-01,1.986334e-01,1.971809e-01,1.965126e-01,1.962492e-01,1.960922e-01,1.959664e-01,1.958386e-01,1.956744e-01,1.953926e-01,1.946887e-01,1.933808e-01,1.927029e-01,1.924138e-01,1.922311e-01,1.920680e-01,1.918695e-01,1.915326e-01,1.907482e-01,1.895955e-01,1.890049e-01,1.887371e-01,1.885770e-01,1.884567e-01,1.883484e-01,1.882336e-01,1.880898e-01,1.878707e-01,1.874441e-01,1.865343e-01,1.855979e-01,1.851354e-01,1.848992e-01,1.847466e-01,1.846259e-01,1.845126e-01,1.843880e-01,1.842261e-01,1.839722e-01,1.834832e-01,1.825956e-01,1.818044e-01,1.813911e-01,1.811676e-01,1.810232e-01,1.809143e-01,1.808211e-01,1.807319e-01,1.806373e-01,1.805252e-01,1.803757e-01,1.801452e-01,1.797296e-01,1.789875e-01,1.781996e-01,1.777218e-01,1.774584e-01,1.772939e-01,1.771757e-01,1.770801e-01,1.769946e-01,1.769108e-01,1.768211e-01,1.767158e-01,1.765791e-01,1.763799e-01,1.760501e-01,1.754765e-01,1.747314e-01,1.741636e-01,1.738294e-01,1.736268e-01,1.734899e-01,1.733872e-01,1.733029e-01,1.732283e-01,1.731575e-01,1.730858e-01,1.730083e-01,1.729186e-01,1.728068e-01,1.726548e-01,1.724273e-01,1.720556e-01,1.714729e-01,1.708214e-01,1.703401e-01,1.700407e-01,1.698498e-01,1.697172e-01,1.696171e-01,1.695356e-01,1.694649e-01,1.693998e-01,1.693367e-01,1.692722e-01,1.692028e-01,1.691240e-01,1.690292e-01,1.689073e-01,1.687385e-01,1.684861e-01,1.680920e-01,1.675380e-01,1.669727e-01,0.000000e+00,6.105804e-21,2.652164e-20,6.503587e-20,1.265085e-19,2.172223e-19,3.453776e-19,5.217639e-19,7.607399e-19,1.081510e-18,1.509332e-18,2.074990e-18,2.814621e-18,3.776193e-18,5.025977e-18,6.657476e-18,8.801783e-18,1.164817e-17,1.548032e-17,2.073751e-17,2.812316e-17,3.881691e-17,5.491397e-17,8.041723e-17,1.237332e-16,2.048006e-16,3.771567e-16,7.688842e-16,1.506854e-15,2.784892e-15,5.033742e-15,9.147745e-15,1.731437e-14,3.575730e-14,8.677465e-14,2.905976e-13,2.134923e-12,1.959309e-10,1.435258e-09,2.326043e-10,2.689989e-10,1.127985e-09,1.996009e-08,5.291505e-08,3.157280e-09,6.046869e-10,2.820304e-10,2.445278e-10,3.548340e-10,9.127254e-10,5.077406e-09,5.971579e-08,2.429874e-08,3.243232e-09,2.066179e-09,5.456863e-09,4.826753e-08,4.006309e-08,4.359564e-09,1.081116e-09,5.360618e-10,4.488211e-10,6.001001e-10,1.318111e-09,5.489937e-09,4.390713e-08,3.857207e-08,5.429558e-09,1.528160e-09,9.206356e-10,1.055960e-09,2.234754e-09,9.265253e-09,5.370797e-08,3.227060e-08,5.443410e-09,1.491293e-09,6.877642e-10,4.774854e-10,4.696721e-10,6.417667e-10,1.243120e-09,3.667517e-09,1.758707e-08,5.606279e-08,1.998271e-08,4.288679e-09,1.443838e-09,7.645784e-10,5.908795e-10,6.374180e-10,9.462406e-10,1.970172e-09,6.062003e-09,2.596875e-08,5.134973e-08,1.784408e-08,4.486224e-09,1.572962e-09,7.789945e-10,5.136325e-10,4.324819e-10,4.543256e-10,5.908323e-10,9.595505e-10,2.004146e-09,5.639327e-09,2.060997e-08,4.819518e-08,2.592835e-08,7.459191e-09,2.520986e-09,1.145376e-09,6.778047e-10,5.027955e-10,4.553972e-10,4.960510e-10,6.466643e-10,1.015549e-09,1.960749e-09,4.798969e-09,1.473558e-08,3.994387e-08,3.839707e-08,1.466116e-08,4.914909e-09,2.000785e-09,1.020760e-09,6.351360e-10,4.691964e-10,4.036460e-10,3.993849e-10,4.515225e-10,5.828908e-10,8.645876e-10,1.494834e-09,3.080069e-09,7.682458e-09,2.141893e-08,4.229008e-08,3.258574e-08,1.338199e-08,5.071755e-09,2.227354e-09,1.171306e-09,7.258461e-10,5.195141e-10,4.226684e-10,3.864532e-10,3.941288e-10,4.466154e-10,5.622437e-10,7.896433e-10,1.248756e-09,2.255924e-09,4.726074e-09,1.135791e-08,2.712545e-08,4.137090e-08,2.938280e-08
28,1.366557e+09,0.800017,0.000000e+00,2.077818e-01,2.077816e-01,2.077815e-01,2.077813e-01,2.077811e-01,2.077809e-01,2.077807e-01,2.077805e-01,2.077803e-01,2.077801e-01,2.077799e-01,2.077796e-01,2.077794e-01,2.077791e-01,2.077788e-01,2.077785e-01,2.077782e-01,2.077779e-01,2.077775e-01,2.077772e-01,2.077768e-01,2.077763e-01,2.077758e-01,2.077752e-01,2.077746e-01,2.077737e-01,2.077727e-01,2.077716e-01,2.077704e-01,2.077691e-01,2.077676e-01,2.077658e-01,2.077636e-01,2.077607e-01,2.077565e-01,2.077482e-01,2.077084e-01,2.073507e-01,2.071675e-01,2.070555e-01,2.068965e-01,2.064309e-01,2.047730e-01,2.039829e-01,2.037391e-01,2.036050e-01,2.034982e-01,2.033870e-01,2.032368e-01,2.029399e-01,2.020917e-01,2.005577e-01,1.999824e-01,1.996907e-01,1.993682e-01,1.986338e-01,1.971813e-01,1.965127e-01,1.962493e-01,1.960922e-01,1.959664e-01,1.958386e-01,1.956744e-01,1.953926e-01,1.946886e-01,1.933807e-01,1.927029e-01,1.924138e-01,1.922311e-01,1.920681e-01,1.918696e-01,1.915328e-01,1.907487e-01,1.895958e-01,1.890051e-01,1.887372e-01,1.885771e-01,1.884568e-01,1.883484e-01,1.882336e-01,1.880898e-01,1.878708e-01,1.874441e-01,1.865342e-01,1.855979e-01,1.851354e-01,1.848992e-01,1.847467e-01,1.846259e-01,1.845127e-01,1.843880e-01,1.842262e-01,1.839723e-01,1.834834e-01,1.825959e-01,1.818046e-01,1.813913e-01,1.811677e-01,1.810233e-01,1.809144e-01,1.808211e-01,1.807320e-01,1.806373e-01,1.805253e-01,1.803758e-01,1.801452e-01,1.797297e-01,1.789875e-01,1.781997e-01,1.777218e-01,1.774585e-01,1.772939e-01,1.771757e-01,1.770801e-01,1.769947e-01,1.769109e-01,1.768212e-01,1.767159e-01,1.765792e-01,1.763800e-01,1.760503e-01,1.754768e-01,1.747317e-01,1.741638e-01,1.738295e-01,1.736269e-01,1.734900e-01,1.733872e-01,1.733030e-01,1.732284e-01,1.731576e-01,1.730859e-01,1.730084e-01,1.729187e-01,1.728068e-01,1.726549e-01,1.724274e-01,1.720557e-01,1.714730e-01,1.708215e-01,1.703402e-01,1.700408e-01,1.698498e-01,1.697173e-01,1.696171e-01,1.695356e-01,1.694649e-01,1.693999e-01,1.693367e-01,1.692723e-01,1.692029e-01,1.691241e-01,1.690293e-01,1.689074e-01,1.687386e-01,1.684863e-01,1.680922e-01,1.675383e-01,1.669729e-01,0.000000e+00,6.105804e-21,2.652164e-20,6.503587e-20,1.265085e-19,2.172223e-19,3.453776e-19,5.217639e-19,7.607400e-19,1.081512e-18,1.509334e-18,2.074989e-18,2.814612e-18,3.776164e-18,5.025902e-18,6.657326e-18,8.801490e-18,1.164762e-17,1.547933e-17,2.073575e-17,2.812002e-17,3.881135e-17,5.490381e-17,8.039790e-17,1.236939e-16,2.047125e-16,3.769356e-16,7.683683e-16,1.505956e-15,2.783361e-15,5.031118e-15,9.143057e-15,1.730522e-14,3.573690e-14,8.671806e-14,2.903556e-13,2.132056e-12,1.953459e-10,1.436814e-09,2.326620e-10,2.689576e-10,1.127648e-09,1.995376e-08,5.292164e-08,3.157387e-09,6.046513e-10,2.819997e-10,2.444956e-10,3.547870e-10,9.126152e-10,5.077302e-09,5.972112e-08,2.429537e-08,3.242556e-09,2.065356e-09,5.452970e-09,4.823047e-08,4.009202e-08,4.361725e-09,1.081369e-09,5.361103e-10,4.488298e-10,6.001040e-10,1.318182e-09,5.490939e-09,4.391912e-08,3.856012e-08,5.427741e-09,1.527715e-09,9.203430e-10,1.055520e-09,2.233457e-09,9.257965e-09,5.368442e-08,3.229051e-08,5.446208e-09,1.491722e-09,6.878575e-10,4.775037e-10,4.696632e-10,6.417394e-10,1.243078e-09,3.667553e-09,1.758860e-08,5.606386e-08,1.997943e-08,4.287864e-09,1.443566e-09,7.644215e-10,5.907356e-10,6.372245e-10,9.458775e-10,1.969210e-09,6.058329e-09,2.595391e-08,5.135651e-08,1.785256e-08,4.487834e-09,1.573296e-09,7.790739e-10,5.136419e-10,4.324628e-10,4.542840e-10,5.907580e-10,9.594074e-10,2.003823e-09,5.638435e-09,2.060763e-08,4.819547e-08,2.592968e-08,7.459352e-09,2.520930e-09,1.145306e-09,6.777373e-10,5.027248e-10,4.553128e-10,4.959352e-10,6.464787e-10,1.015197e-09,1.959936e-09,4.796627e-09,1.472814e-08,3.993464e-08,3.840666e-08,1.466664e-08,4.916364e-09,2.001174e-09,1.020872e-09,6.351608e-10,4.691870e-10,4.036173e-10,3.993389e-10,4.514526e-10,5.827801e-10,8.643949e-10,1.494455e-09,3.079196e-09,7.680182e-09,2.141373e-08,4.228823e-08,3.259039e-08,1.338443e-08,5.072464e-09,2.227538e-09,1.171341e-09,7.258337e-10,5.194825e-10,4.226251e-10,3.863981e-10,3.940567e-10,4.465156e-10,5.620950e-10,7.894000e-10,1.248313e-09,2.255012e-09,4.723946e-09,1.135266e-08,2.711623e-08,4.137064e-08,2.939064e-08
29,1.366504e+09,0.800006,0.000000e+00,2.077818e-01,2.077816e-01,2.077815e-01,2.077813e-01,2.077811e-01,2.077809e-01,2.077807e-01,2.077805e-01,2.077803e-01,2.077801e-01,2.077799e-01,2.077796e-01,2.077794e-01,2.077791e-01,2.077788e-01,2.077785e-01,2.077782e-01,2.077779e-01,2.077775e-01,2.077772e-01,2.077768e-01,2.077763e-01,2.077758e-01,2.077752e-01,2.077746e-01,2.077737e-01,2.077727e-01,2.077716e-01,2.077704e-01,2.077691e-01,2.077676e-01,2.077658e-01,2.077636e-01,2.077607e-01,2.077565e-01,2.077482e-01,2.077084e-01,2.073507e-01,2.071675e-01,2.070555e-01,2.068965e-01,2.064309e-01,2.047731e-01,2.039829e-01,2.037391e-01,2.036050e-01,2.034982e-01,2.033870e-01,2.032368e-01,2.029399e-01,2.020917e-01,2.005577e-01,1.999824e-01,1.996907e-01,1.993682e-01,1.986339e-01,1.971814e-01,1.965128e-01,1.962493e-01,1.960922e-01,1.959664e-01,1.958386e-01,1.956744e-01,1.953926e-01,1.946886e-01,1.933806e-01,1.927029e-01,1.924138e-01,1.922311e-01,1.920681e-01,1.918696e-01,1.915328e-01,1.907488e-01,1.895959e-01,1.890051e-01,1.887372e-01,1.885771e-01,1.884568e-01,1.883484e-01,1.882336e-01,1.880898e-01,1.878708e-01,1.874441e-01,1.865342e-01,1.855978e-01,1.851354e-01,1.848992e-01,1.847467e-01,1.846260e-01,1.845127e-01,1.843880e-01,1.842263e-01,1.839724e-01,1.834835e-01,1.825960e-01,1.818047e-01,1.813913e-01,1.811677e-01,1.810233e-01,1.809144e-01,1.808212e-01,1.807320e-01,1.806373e-01,1.805253e-01,1.803758e-01,1.801452e-01,1.797297e-01,1.789875e-01,1.781997e-01,1.777218e-01,1.774585e-01,1.772939e-01,1.771757e-01,1.770801e-01,1.769947e-01,1.769109e-01,1.768212e-01,1.767159e-01,1.765792e-01,1.763800e-01,1.760504e-01,1.754769e-01,1.747318e-01,1.741638e-01,1.738295e-01,1.736269e-01,1.734900e-01,1.733872e-01,1.733030e-01,1.732284e-01,1.731576e-01,1.730859e-01,1.730084e-01,1.729187e-01,1.728069e-01,1.726549e-01,1.724274e-01,1.720558e-01,1.714731e-01,1.708216e-01,1.703402e-01,1.700408e-01,1.698498e-01,1.697173e-01,1.696171e-01,1.695357e-01,1.694649e-01,1.693999e-01,1.693367e-01,1.692723e-01,1.692029e-01,1.691241e-01,1.690293e-01,1.689074e-01,1.687386e-01,1.684863e-01,1.680923e-01,1.675383e-01,1.669730e-01,0.000000e+00,6.105804e-21,2.652164e-20,6.503587e-20,1.265085e-19,2.172223e-19,3.453776e-19,5.217639e-19,7.607397e-19,1.081511e-18,1.509332e-18,2.074987e-18,2.814607e-18,3.776154e-18,5.025886e-18,6.657290e-18,8.801418e-18,1.164749e-17,1.547911e-17,2.073538e-17,2.811940e-17,3.881024e-17,5.490173e-17,8.039390e-17,1.236858e-16,2.046942e-16,3.768894e-16,7.682602e-16,1.505769e-15,2.783044e-15,5.030576e-15,9.142085e-15,1.730330e-14,3.573250e-14,8.670532e-14,2.902980e-13,2.131326e-12,1.951916e-10,1.437293e-09,2.326831e-10,2.689453e-10,1.127510e-09,1.994947e-08,5.292971e-08,3.157534e-09,6.046565e-10,2.819982e-10,2.444937e-10,3.547874e-10,9.126362e-10,5.077655e-09,5.972724e-08,2.429216e-08,3.242228e-09,2.065110e-09,5.451949e-09,4.822096e-08,4.009915e-08,4.362329e-09,1.081445e-09,5.361287e-10,4.488384e-10,6.001171e-10,1.318236e-09,5.491378e-09,4.392325e-08,3.855680e-08,5.427201e-09,1.527594e-09,9.202686e-10,1.055409e-09,2.233121e-09,9.256050e-09,5.367809e-08,3.229611e-08,5.447063e-09,1.491863e-09,6.878940e-10,4.775169e-10,4.696701e-10,6.417464e-10,1.243099e-09,3.667666e-09,1.758946e-08,5.606431e-08,1.997824e-08,4.287592e-09,1.443486e-09,7.643825e-10,5.907026e-10,6.371815e-10,9.457957e-10,1.968986e-09,6.057435e-09,2.595021e-08,5.135912e-08,1.785505e-08,4.488311e-09,1.573405e-09,7.791059e-10,5.136527e-10,4.324655e-10,4.542823e-10,5.907519e-10,9.593954e-10,2.003800e-09,5.638404e-09,2.060773e-08,4.819548e-08,2.592934e-08,7.459239e-09,2.520885e-09,1.145281e-09,6.777187e-10,5.027076e-10,4.552934e-10,4.959089e-10,6.464369e-10,1.015117e-09,1.959748e-09,4.796083e-09,1.472641e-08,3.993247e-08,3.840893e-08,1.466810e-08,4.916784e-09,2.001296e-09,1.020911e-09,6.351742e-10,4.691900e-10,4.036150e-10,3.993324e-10,4.514412e-10,5.827606e-10,8.643599e-10,1.494384e-09,3.079030e-09,7.679732e-09,2.141269e-08,4.228799e-08,3.259147e-08,1.338491e-08,5.072591e-09,2.227567e-09,1.171345e-09,7.258294e-10,5.194750e-10,4.226155e-10,3.863859e-10,3.940410e-10,4.464938e-10,5.620621e-10,7.893455e-10,1.248212e-09,2.254801e-09,4.723443e-09,1.135138e-08,2.711397e-08,4.137077e-08,2.939276e-08
30,1.366539e+09,0.800014,0.000000e+00,2.077818e-01,2.077816e-01,2.077815e-01,2.077813e-01,2.077811e-01,2.077809e-01,2.077807e-01,2.077805e-01,2.077803e-01,2.077801e-01,2.077799e-01,2.077796e-01,2.077794e-01,2.077791e-01,2.077788e-01,2.077785e-01,2.077782e-01,2.077779e-01,2.077775e-01,2.077772e-01,2.077768e-01,2.077763e-01,2.077758e-01,2.077752e-01,2.077746e-01,2.077737e-01,2.077727e-01,2.077716e-01,2.077704e-01,2.077691e-01,2.077676e-01,2.077658e-01,2.077636e-01,2.077607e-01,2.077565e-01,2.077482e-01,2.077084e-01,2.073507e-01,2.071675e-01,2.070555e-01,2.068965e-01,2.064309e-01,2.047730e-01,2.039829e-01,2.037391e-01,2.036050e-01,2.034982e-01,2.033870e-01,2.032368e-01,2.029399e-01,2.020917e-01,2.005577e-01,1.999824e-01,1.996907e-01,1.993682e-01,1.986338e-01,1.971813e-01,1.965127e-01,1.962493e-01,1.960922e-01,1.959664e-01,1.958386e-01,1.956744e-01,1.953926e-01,1.946886e-01,1.933806e-01,1.927029e-01,1.924138e-01,1.922311e-01,1.920681e-01,1.918696e-01,1.915328e-01,1.907487e-01,1.895959e-01,1.890051e-01,1.887372e-01,1.885771e-01,1.884568e-01,1.883484e-01,1.882336e-01,1.880898e-01,1.878708e-01,1.874441e-01,1.865342e-01,1.855979e-01,1.851354e-01,1.848992e-01,1.847467e-01,1.846260e-01,1.845127e-01,1.843880e-01,1.842263e-01,1.839724e-01,1.834835e-01,1.825960e-01,1.818047e-01,1.813913e-01,1.811677e-01,1.810233e-01,1.809144e-01,1.808211e-01,1.807320e-01,1.806373e-01,1.805253e-01,1.803758e-01,1.801452e-01,1.797297e-01,1.789875e-01,1.781997e-01,1.777218e-01,1.774585e-01,1.772939e-01,1.771757e-01,1.770801e-01,1.769947e-01,1.769109e-01,1.768212e-01,1.767159e-01,1.765792e-01,1.763800e-01,1.760504e-01,1.754768e-01,1.747317e-01,1.741638e-01,1.738295e-01,1.736269e-01,1.734900e-01,1.733872e-01,1.733030e-01,1.732284e-01,1.731576e-01,1.730859e-01,1.730084e-01,1.729187e-01,1.728068e-01,1.726549e-01,1.724274e-01,1.720558e-01,1.714731e-01,1.708215e-01,1.703402e-01,1.700408e-01,1.698498e-01,1.697173e-01,1.696171e-01,1.695356e-01,1.694649e-01,1.693999e-01,1.693367e-01,1.692723e-01,1.692029e-01,1.691241e-01,1.690293e-01,1.689074e-01,1.687386e-01,1.684863e-01,1.680923e-01,1.675383e-01,1.669729e-01,0.000000e+00,6.105804e-21,2.652164e-20,6.503587e-20,1.265085e-19,2.172223e-19,3.453776e-19,5.217639e-19,7.607398e-19,1.081512e-18,1.509333e-18,2.074990e-18,2.814611e-18,3.776160e-18,5.025899e-18,6.657316e-18,8.801468e-18,1.164758e-17,1.547925e-17,2.073562e-17,2.811982e-17,3.881097e-17,5.490314e-17,8.039658e-17,1.236912e-16,2.047064e-16,3.769202e-16,7.683321e-16,1.505893e-15,2.783256e-15,5.030941e-15,9.142739e-15,1.730459e-14,3.573545e-14,8.671378e-14,2.903360e-13,2.131799e-12,1.952901e-10,1.436996e-09,2.326706e-10,2.689537e-10,1.127596e-09,1.995188e-08,5.292551e-08,3.157452e-09,6.046554e-10,2.820001e-10,2.444954e-10,3.547876e-10,9.126236e-10,5.077461e-09,5.972400e-08,2.429420e-08,3.242463e-09,2.065283e-09,5.452651e-09,4.822718e-08,4.009446e-08,4.361893e-09,1.081389e-09,5.361149e-10,4.488315e-10,6.001070e-10,1.318198e-09,5.491109e-09,4.392113e-08,3.855867e-08,5.427631e-09,1.527690e-09,9.203260e-10,1.055493e-09,2.233371e-09,9.257492e-09,5.368308e-08,3.229207e-08,5.446456e-09,1.491764e-09,6.878690e-10,4.775084e-10,4.696663e-10,6.417434e-10,1.243088e-09,3.667604e-09,1.758897e-08,5.606408e-08,1.997915e-08,4.287810e-09,1.443549e-09,7.644122e-10,5.907262e-10,6.372106e-10,9.458486e-10,1.969126e-09,6.057979e-09,2.595238e-08,5.135788e-08,1.785363e-08,4.488031e-09,1.573342e-09,7.790877e-10,5.136468e-10,4.324640e-10,4.542830e-10,5.907545e-10,9.593995e-10,2.003804e-09,5.638380e-09,2.060746e-08,4.819537e-08,2.592966e-08,7.459330e-09,2.520919e-09,1.145298e-09,6.777307e-10,5.027187e-10,4.553058e-10,4.959257e-10,6.464639e-10,1.015170e-09,1.959872e-09,4.796445e-09,1.472757e-08,3.993391e-08,3.840728e-08,1.466711e-08,4.916505e-09,2.001215e-09,1.020885e-09,6.351657e-10,4.691883e-10,4.036168e-10,3.993371e-10,4.514493e-10,5.827744e-10,8.643849e-10,1.494435e-09,3.079149e-09,7.680057e-09,2.141346e-08,4.228835e-08,3.259087e-08,1.338462e-08,5.072515e-09,2.227551e-09,1.171344e-09,7.258332e-10,5.194806e-10,4.226224e-10,3.863944e-10,3.940519e-10,4.465088e-10,5.620845e-10,7.893825e-10,1.248281e-09,2.254944e-09,4.723780e-09,1.135224e-08,2.711548e-08,4.137071e-08,2.939139e-08
31,1.366511e+09,0.800008,0.000000e+00,2.077818e-01,2.077816e-01,2.077815e-01,2.077813e-01,2.077811e-01,2.077809e-01,2.077807e-01,2.077805e-01,2.077803e-01,2.077801e-01,2.077799e-01,2.077796e-01,2.077794e-01,2.077791e-01,2.077788e-01,2.077785e-01,2.077782e-01,2.077779e-01,2.077775e-01,2.077772e-01,2.077768e-01,2.077763e-01,2.077758e-01,2.077752e-01,2.077746e-01,2.077737e-01,2.077727e-01,2.077716e-01,2.077704e-01,2.077691e-01,2.077676e-01,2.077658e-01,2.077636e-01,2.077607e-01,2.077565e-01,2.077482e-01,2.077084e-01,2.073507e-01,2.071675e-01,2.070555e-01,2.068965e-01,2.064309e-01,2.047731e-01,2.039829e-01,2.037391e-01,2.036050e-01,2.034982e-01,2.033870e-01,2.032368e-01,2.029399e-01,2.020916e-01,2.005577e-01,1.999824e-01,1.996907e-01,1.993682e-01,1.986339e-01,1.971814e-01,1.965128e-01,1.962493e-01,1.960922e-01,1.959664e-01,1.958386e-01,1.956744e-01,1.953926e-01,1.946886e-01,1.933806e-01,1.927029e-01,1.924138e-01,1.922311e-01,1.920681e-01,1.918696e-01,1.915328e-01,1.907488e-01,1.895959e-01,1.890051e-01,1.887372e-01,1.885771e-01,1.884568e-01,1.883484e-01,1.882336e-01,1.880898e-01,1.878708e-01,1.874441e-01,1.865342e-01,1.855978e-01,1.851354e-01,1.848992e-01,1.847467e-01,1.846260e-01,1.845127e-01,1.843880e-01,1.842263e-01,1.839724e-01,1.834835e-01,1.825960e-01,1.818047e-01,1.813913e-01,1.811677e-01,1.810233e-01,1.809144e-01,1.808212e-01,1.807320e-01,1.806373e-01,1.805253e-01,1.803758e-01,1.801452e-01,1.797297e-01,1.789875e-01,1.781997e-01,1.777218e-01,1.774585e-01,1.772939e-01,1.771757e-01,1.770801e-01,1.769947e-01,1.769109e-01,1.768212e-01,1.767159e-01,1.765792e-01,1.763800e-01,1.760504e-01,1.754769e-01,1.747318e-01,1.741638e-01,1.738295e-01,1.736269e-01,1.734900e-01,1.733872e-01,1.733030e-01,1.732284e-01,1.731576e-01,1.730859e-01,1.730084e-01,1.729187e-01,1.728069e-01,1.726549e-01,1.724274e-01,1.720558e-01,1.714731e-01,1.708216e-01,1.703402e-01,1.700408e-01,1.698498e-01,1.697173e-01,1.696171e-01,1.695357e-01,1.694649e-01,1.693999e-01,1.693367e-01,1.692723e-01,1.692029e-01,1.691241e-01,1.690293e-01,1.689074e-01,1.687386e-01,1.684863e-01,1.680923e-01,1.675383e-01,1.669730e-01,0.000000e+00,6.105804e-21,2.652164e-20,6.503587e-20,1.265085e-19,2.172223e-19,3.453776e-19,5.217639e-19,7.607398e-19,1.081511e-18,1.509333e-18,2.074990e-18,2.814611e-18,3.776161e-18,5.025892e-18,6.657301e-18,8.801440e-18,1.164753e-17,1.547916e-17,2.073545e-17,2.811951e-17,3.881041e-17,5.490210e-17,8.039452e-17,1.236869e-16,2.046967e-16,3.768956e-16,7.682749e-16,1.505794e-15,2.783086e-15,5.030649e-15,9.142215e-15,1.730356e-14,3.573308e-14,8.670695e-14,2.903055e-13,2.131426e-12,1.952146e-10,1.437209e-09,2.326791e-10,2.689464e-10,1.127520e-09,1.994944e-08,5.293075e-08,3.157564e-09,6.046629e-10,2.820012e-10,2.444965e-10,3.547918e-10,9.126512e-10,5.077743e-09,5.972865e-08,2.429206e-08,3.242250e-09,2.065133e-09,5.452036e-09,4.822164e-08,4.009872e-08,4.362290e-09,1.081441e-09,5.361284e-10,4.488388e-10,6.001176e-10,1.318236e-09,5.491375e-09,4.392321e-08,3.855678e-08,5.427234e-09,1.527604e-09,9.202754e-10,1.055421e-09,2.233158e-09,9.256276e-09,5.367890e-08,3.229550e-08,5.446992e-09,1.491853e-09,6.878920e-10,4.775170e-10,4.696711e-10,6.417490e-10,1.243106e-09,3.667693e-09,1.758960e-08,5.606455e-08,1.997824e-08,4.287592e-09,1.443488e-09,7.643839e-10,5.907044e-10,6.371840e-10,9.458008e-10,1.969000e-09,6.057487e-09,2.595038e-08,5.135880e-08,1.785484e-08,4.488270e-09,1.573395e-09,7.791026e-10,5.136511e-10,4.324644e-10,4.542811e-10,5.907503e-10,9.593923e-10,2.003793e-09,5.638381e-09,2.060764e-08,4.819541e-08,2.592933e-08,7.459229e-09,2.520881e-09,1.145279e-09,6.777183e-10,5.027079e-10,4.552942e-10,4.959105e-10,6.464402e-10,1.015125e-09,1.959768e-09,4.796143e-09,1.472659e-08,3.993259e-08,3.840837e-08,1.466774e-08,4.916666e-09,2.001258e-09,1.020897e-09,6.351682e-10,4.691872e-10,4.036139e-10,3.993324e-10,4.514423e-10,5.827633e-10,8.643652e-10,1.494395e-09,3.079057e-09,7.679810e-09,2.141291e-08,4.228831e-08,3.259160e-08,1.338494e-08,5.072603e-09,2.227574e-09,1.171349e-09,7.258324e-10,5.194775e-10,4.226177e-10,3.863883e-10,3.940437e-10,4.464973e-10,5.620671e-10,7.893538e-10,1.248228e-09,2.254834e-09,4.723523e-09,1.135159e-08,2.711433e-08,4.137066e-08,2.939231e-08
32,1.366530e+09,0.800012,0.000000e+00,2.077818e-01,2.077816e-01,2.077815e-01,2.077813e-01,2.077811e-01,2.077809e-01,2.077807e-01,2.077805e-01,2.077803e-01,2.077801e-01,2.077799e-01,2.077796e-01,2.077794e-01,2.077791e-01,2.077788e-01,2.077785e-01,2.077782e-01,2.077779e-01,2.077775e-01,2.077772e-01,2.077768e-01,2.077763e-01,2.077758e-01,2.077752e-01,2.077746e-01,2.077737e-01,2.077727e-01,2.077716e-01,2.077704e-01,2.077691e-01,2.077676e-01,2.077658e-01,2.077636e-01,2.077607e-01,2.077565e-01,2.077482e-01,2.077084e-01,2.073507e-01,2.071675e-01,2.070555e-01,2.068965e-01,2.064309e-01,2.047730e-01,2.039829e-01,2.037391e-01,2.036050e-01,2.034982e-01,2.033870e-01,2.032368e-01,2.029399e-01,2.020917e-01,2.005577e-01,1.999824e-01,1.996907e-01,1.993682e-01,1.986339e-01,1.971813e-01,1.965128e-01,1.962493e-01,1.960922e-01,1.959664e-01,1.958386e-01,1.956744e-01,1.953926e-01,1.946886e-01,1.933806e-01,1.927029e-01,1.924138e-01,1.922311e-01,1.920681e-01,1.918696e-01,1.915328e-01,1.907487e-01,1.895959e-01,1.890051e-01,1.887372e-01,1.885771e-01,1.884568e-01,1.883484e-01,1.882336e-01,1.880898e-01,1.878708e-01,1.874441e-01,1.865342e-01,1.855979e-01,1.851354e-01,1.848992e-01,1.847467e-01,1.846260e-01,1.845127e-01,1.843880e-01,1.842263e-01,1.839724e-01,1.834835e-01,1.825960e-01,1.818047e-01,1.813913e-01,1.811677e-01,1.810233e-01,1.809144e-01,1.808211e-01,1.807320e-01,1.806373e-01,1.805253e-01,1.803758e-01,1.801452e-01,1.797297e-01,1.789875e-01,1.781997e-01,1.777218e-01,1.774585e-01,1.772939e-01,1.771757e-01,1.770801e-01,1.769947e-01,1.769109e-01,1.768212e-01,1.767159e-01,1.765792e-01,1.763800e-01,1.760504e-01,1.754768e-01,1.747317e-01,1.741638e-01,1.738295e-01,1.736269e-01,1.734900e-01,1.733872e-01,1.733030e-01,1.732284e-01,1.731576e-01,1.730859e-01,1.730084e-01,1.729187e-01,1.728069e-01,1.726549e-01,1.724274e-01,1.720558e-01,1.714731e-01,1.708215e-01,1.703402e-01,1.700408e-01,1.698498e-01,1.697173e-01,1.696171e-01,1.695357e-01,1.694649e-01,1.693999e-01,1.693367e-01,1.692723e-01,1.692029e-01,1.691241e-01,1.690293e-01,1.689074e-01,1.687386e-01,1.684863e-01,1.680923e-01,1.675383e-01,1.669729e-01,0.000000e+00,6.105804e-21,2.652164e-20,6.503587e-20,1.265085e-19,2.172223e-19,3.453776e-19,5.217639e-19,7.607398e-19,1.081512e-18,1.509334e-18,2.074990e-18,2.814612e-18,3.776163e-18,5.025897e-18,6.657313e-18,8.801461e-18,1.164756e-17,1.547922e-17,2.073557e-17,2.811973e-17,3.881081e-17,5.490282e-17,8.039592e-17,1.236898e-16,2.047031e-16,3.769116e-16,7.683121e-16,1.505858e-15,2.783196e-15,5.030836e-15,9.142550e-15,1.730421e-14,3.573458e-14,8.671126e-14,2.903247e-13,2.131660e-12,1.952622e-10,1.437083e-09,2.326741e-10,2.689507e-10,1.127567e-09,1.995097e-08,5.292693e-08,3.157441e-09,6.046518e-10,2.819990e-10,2.444956e-10,3.547901e-10,9.126402e-10,5.077597e-09,5.972626e-08,2.429339e-08,3.242389e-09,2.065242e-09,5.452506e-09,4.822619e-08,4.009543e-08,4.362008e-09,1.081405e-09,5.361194e-10,4.488339e-10,6.001099e-10,1.318205e-09,5.491139e-09,4.392130e-08,3.855897e-08,5.427585e-09,1.527674e-09,9.203110e-10,1.055464e-09,2.233276e-09,9.256893e-09,5.368078e-08,3.229355e-08,5.446641e-09,1.491792e-09,6.878758e-10,4.775107e-10,4.696676e-10,6.417453e-10,1.243097e-09,3.667656e-09,1.758941e-08,5.606381e-08,1.997864e-08,4.287729e-09,1.443528e-09,7.644021e-10,5.907182e-10,6.372008e-10,9.458312e-10,1.969081e-09,6.057799e-09,2.595161e-08,5.135798e-08,1.785397e-08,4.488097e-09,1.573356e-09,7.790915e-10,5.136479e-10,4.324643e-10,4.542831e-10,5.907544e-10,9.593999e-10,2.003808e-09,5.638404e-09,2.060761e-08,4.819551e-08,2.592958e-08,7.459305e-09,2.520910e-09,1.145294e-09,6.777281e-10,5.027164e-10,4.553031e-10,4.959221e-10,6.464579e-10,1.015158e-09,1.959844e-09,4.796363e-09,1.472730e-08,3.993358e-08,3.840771e-08,1.466733e-08,4.916561e-09,2.001231e-09,1.020890e-09,6.351671e-10,4.691883e-10,4.036161e-10,3.993356e-10,4.514470e-10,5.827706e-10,8.643778e-10,1.494420e-09,3.079116e-09,7.679968e-09,2.141326e-08,4.228828e-08,3.259108e-08,1.338474e-08,5.072552e-09,2.227562e-09,1.171347e-09,7.258337e-10,5.194801e-10,4.226211e-10,3.863925e-10,3.940492e-10,4.465048e-10,5.620783e-10,7.893719e-10,1.248261e-09,2.254901e-09,4.723675e-09,1.135196e-08,2.711499e-08,4.137084e-08,2.939194e-08
33,1.366515e+09,0.800009,0.000000e+00,2.077818e-01,2.077816e-01,2.077815e-01,2.077813e-01,2.077811e-01,2.077809e-01,2.077807e-01,2.077805e-01,2.077803e-01,2.077801e-01,2.077799e-01,2.077796e-01,2.077794e-01,2.077791e-01,2.077788e-01,2.077785e-01,2.077782e-01,2.077779e-01,2.077775e-01,2.077772e-01,2.077768e-01,2.077763e-01,2.077758e-01,2.077752e-01,2.077746e-01,2.077737e-01,2.077727e-01,2.077716e-01,2.077704e-01,2.077691e-01,2.077676e-01,2.077658e-01,2.077636e-01,2.077607e-01,2.077565e-01,2.077482e-01,2.077084e-01,2.073507e-01,2.071675e-01,2.070555e-01,2.068965e-01,2.064309e-01,2.047731e-01,2.039829e-01,2.037391e-01,2.036050e-01,2.034982e-01,2.033870e-01,2.032368e-01,2.029399e-01,2.020917e-01,2.005577e-01,1.999824e-01,1.996907e-01,1.993682e-01,1.986339e-01,1.971813e-01,1.965128e-01,1.962493e-01,1.960922e-01,1.959664e-01,1.958386e-01,1.956744e-01,1.953926e-01,1.946886e-01,1.933806e-01,1.927029e-01,1.924138e-01,1.922311e-01,1.920681e-01,1.918696e-01,1.915328e-01,1.907488e-01,1.895959e-01,1.890051e-01,1.887372e-01,1.885771e-01,1.884568e-01,1.883484e-01,1.882336e-01,1.880898e-01,1.878708e-01,1.874441e-01,1.865342e-01,1.855978e-01,1.851354e-01,1.848992e-01,1.847467e-01,1.846260e-01,1.845127e-01,1.843880e-01,1.842263e-01,1.839724e-01,1.834835e-01,1.825960e-01,1.818047e-01,1.813913e-01,1.811677e-01,1.810233e-01,1.809144e-01,1.808212e-01,1.807320e-01,1.806373e-01,1.805253e-01,1.803758e-01,1.801452e-01,1.797297e-01,1.789875e-01,1.781997e-01,1.777218e-01,1.774585e-01,1.772939e-01,1.771757e-01,1.770801e-01,1.769947e-01,1.769109e-01,1.768212e-01,1.767159e-01,1.765792e-01,1.763800e-01,1.760504e-01,1.754769e-01,1.747317e-01,1.741638e-01,1.738295e-01,1.736269e-01,1.734900e-01,1.733872e-01,1.733030e-01,1.732284e-01,1.731576e-01,1.730859e-01,1.730084e-01,1.729187e-01,1.728069e-01,1.726549e-01,1.724274e-01,1.720558e-01,1.714731e-01,1.708215e-01,1.703402e-01,1.700408e-01,1.698498e-01,1.697173e-01,1.696171e-01,1.695357e-01,1.694649e-01,1.693999e-01,1.693367e-01,1.692723e-01,1.692029e-01,1.691241e-01,1.690293e-01,1.689074e-01,1.687386e-01,1.684863e-01,1.680923e-01,1.675383e-01,1.669730e-01,0.000000e+00,6.105804e-21,2.652164e-20,6.503587e-20,1.265085e-19,2.172223e-19,3.453776e-19,5.217639e-19,7.607399e-19,1.081511e-18,1.509333e-18,2.074989e-18,2.814611e-18,3.776160e-18,5.025891e-18,6.657299e-18,8.801435e-18,1.164753e-17,1.547916e-17,2.073545e-17,2.811951e-17,3.881042e-17,5.490213e-17,8.039466e-17,1.236873e-16,2.046979e-16,3.768987e-16,7.682820e-16,1.505806e-15,2.783106e-15,5.030682e-15,9.142274e-15,1.730367e-14,3.573335e-14,8.670773e-14,2.903090e-13,2.131469e-12,1.952229e-10,1.437187e-09,2.326784e-10,2.689478e-10,1.127534e-09,1.994988e-08,5.292966e-08,3.157520e-09,6.046579e-10,2.819995e-10,2.444950e-10,3.547887e-10,9.126383e-10,5.077631e-09,5.972701e-08,2.429262e-08,3.242299e-09,2.065167e-09,5.452193e-09,4.822327e-08,4.009726e-08,4.362166e-09,1.081424e-09,5.361241e-10,4.488371e-10,6.001166e-10,1.318234e-09,5.491355e-09,4.392305e-08,3.855717e-08,5.427310e-09,1.527619e-09,9.202818e-10,1.055427e-09,2.233174e-09,9.256365e-09,5.367896e-08,3.229473e-08,5.446851e-09,1.491826e-09,6.878841e-10,4.775138e-10,4.696696e-10,6.417482e-10,1.243104e-09,3.667682e-09,1.758952e-08,5.606468e-08,1.997862e-08,4.287680e-09,1.443511e-09,7.643928e-10,5.907094e-10,6.371883e-10,9.458070e-10,1.969015e-09,6.057551e-09,2.595063e-08,5.135841e-08,1.785448e-08,4.488190e-09,1.573374e-09,7.790955e-10,5.136481e-10,4.324630e-10,4.542806e-10,5.907507e-10,9.593939e-10,2.003798e-09,5.638395e-09,2.060767e-08,4.819525e-08,2.592926e-08,7.459237e-09,2.520887e-09,1.145283e-09,6.777211e-10,5.027104e-10,4.552969e-10,4.959142e-10,6.464459e-10,1.015135e-09,1.959792e-09,4.796213e-09,1.472682e-08,3.993303e-08,3.840842e-08,1.466769e-08,4.916653e-09,2.001255e-09,1.020897e-09,6.351685e-10,4.691876e-10,4.036143e-10,3.993328e-10,4.514428e-10,5.827641e-10,8.643667e-10,1.494399e-09,3.079068e-09,7.679852e-09,2.141300e-08,4.228808e-08,3.259110e-08,1.338475e-08,5.072548e-09,2.227555e-09,1.171341e-09,7.258284e-10,5.194753e-10,4.226165e-10,3.863877e-10,3.940435e-10,4.464975e-10,5.620679e-10,7.893555e-10,1.248232e-09,2.254842e-09,4.723542e-09,1.135163e-08,2.711440e-08,4.137061e-08,2.939220e-08
34,1.366672e+09,0.800047,0.000000e+00,2.077818e-01,2.077816e-01,2.077815e-01,2.077813e-01,2.077811e-01,2.077809e-01,2.077807e-01,2.077805e-01,2.077803e-01,2.077801e-01,2.077799e-01,2.077796e-01,2.077794e-01,2.077791e-01,2.077788e-01,2.077785e-01,2.077782e-01,2.077779e-01,2.077775e-01,2.077772e-01,2.077768e-01,2.077763e-01,2.077758e-01,2.077752e-01,2.077746e-01,2.077737e-01,2.077727e-01,2.077716e-01,2.077704e-01,2.077691e-01,2.077676e-01,2.077658e-01,2.077636e-01,2.077607e-01,2.077565e-01,2.077482e-01,2.077083e-01,2.073505e-01,2.071675e-01,2.070555e-01,2.068964e-01,2.064306e-01,2.047726e-01,2.039827e-01,2.037391e-01,2.036050e-01,2.034981e-01,2.033869e-01,2.032367e-01,2.029398e-01,2.020914e-01,2.005575e-01,1.999823e-01,1.996906e-01,1.993680e-01,1.986333e-01,1.971808e-01,1.965126e-01,1.962492e-01,1.960922e-01,1.959663e-01,1.958386e-01,1.956744e-01,1.953925e-01,1.946884e-01,1.933804e-01,1.927028e-01,1.924137e-01,1.922310e-01,1.920680e-01,1.918694e-01,1.915325e-01,1.907480e-01,1.895954e-01,1.890049e-01,1.887371e-01,1.885770e-01,1.884567e-01,1.883483e-01,1.882335e-01,1.880898e-01,1.878706e-01,1.874438e-01,1.865338e-01,1.855976e-01,1.851353e-01,1.848992e-01,1.847466e-01,1.846259e-01,1.845126e-01,1.843879e-01,1.842261e-01,1.839721e-01,1.834830e-01,1.825953e-01,1.818043e-01,1.813911e-01,1.811676e-01,1.810232e-01,1.809143e-01,1.808211e-01,1.807319e-01,1.806372e-01,1.805252e-01,1.803756e-01,1.801451e-01,1.797294e-01,1.789871e-01,1.781993e-01,1.777216e-01,1.774584e-01,1.772938e-01,1.771756e-01,1.770801e-01,1.769946e-01,1.769108e-01,1.768211e-01,1.767158e-01,1.765791e-01,1.763798e-01,1.760500e-01,1.754763e-01,1.747312e-01,1.741635e-01,1.738293e-01,1.736268e-01,1.734899e-01,1.733872e-01,1.733029e-01,1.732283e-01,1.731575e-01,1.730858e-01,1.730083e-01,1.729186e-01,1.728067e-01,1.726548e-01,1.724272e-01,1.720554e-01,1.714725e-01,1.708211e-01,1.703399e-01,1.700406e-01,1.698497e-01,1.697172e-01,1.696171e-01,1.695356e-01,1.694648e-01,1.693998e-01,1.693367e-01,1.692722e-01,1.692028e-01,1.691240e-01,1.690292e-01,1.689072e-01,1.687384e-01,1.684860e-01,1.680918e-01,1.675377e-01,1.669724e-01,0.000000e+00,6.105804e-21,2.652164e-20,6.503587e-20,1.265085e-19,2.172223e-19,3.453776e-19,5.217640e-19,7.607399e-19,1.081511e-18,1.509334e-18,2.074992e-18,2.814621e-18,3.776187e-18,5.025953e-18,6.657418e-18,8.801661e-18,1.164793e-17,1.547988e-17,2.073672e-17,2.812175e-17,3.881440e-17,5.490938e-17,8.040848e-17,1.237154e-16,2.047608e-16,3.770565e-16,7.686522e-16,1.506458e-15,2.784234e-15,5.032648e-15,9.145863e-15,1.731087e-14,3.575002e-14,8.675647e-14,2.905316e-13,2.134310e-12,1.958402e-10,1.435383e-09,2.326105e-10,2.690299e-10,1.128334e-09,1.997305e-08,5.288706e-08,3.155617e-09,6.044949e-10,2.819805e-10,2.445117e-10,3.548500e-10,9.129223e-10,5.079372e-09,5.974741e-08,2.428304e-08,3.242041e-09,2.065939e-09,5.457280e-09,4.827736e-08,4.005265e-08,4.358466e-09,1.080939e-09,5.360203e-10,4.488303e-10,6.001885e-10,1.318546e-09,5.493334e-09,4.393689e-08,3.854549e-08,5.425923e-09,1.527547e-09,9.204471e-10,1.055895e-09,2.234895e-09,9.267111e-09,5.371694e-08,3.226184e-08,5.441772e-09,1.490974e-09,6.876731e-10,4.774616e-10,4.696916e-10,6.418644e-10,1.243492e-09,3.669371e-09,1.759946e-08,5.606421e-08,1.996848e-08,4.286000e-09,1.443212e-09,7.643654e-10,5.907872e-10,6.373839e-10,9.462799e-10,1.970453e-09,6.063589e-09,2.597692e-08,5.134637e-08,1.783707e-08,4.484524e-09,1.572507e-09,7.788364e-10,5.135682e-10,4.324600e-10,4.543381e-10,5.909000e-10,9.597613e-10,2.004855e-09,5.642271e-09,2.062258e-08,4.819808e-08,2.591359e-08,7.454600e-09,2.519747e-09,1.144955e-09,6.776263e-10,5.027072e-10,4.553526e-10,4.960381e-10,6.466940e-10,1.015674e-09,1.961170e-09,4.800505e-09,1.474152e-08,3.995308e-08,3.838765e-08,1.465428e-08,4.912695e-09,2.000042e-09,1.020464e-09,6.349985e-10,4.691257e-10,4.036104e-10,3.993738e-10,4.515379e-10,5.829496e-10,8.647397e-10,1.495230e-09,3.081211e-09,7.686183e-09,2.142967e-08,4.229610e-08,3.257393e-08,1.337467e-08,5.069124e-09,2.226388e-09,1.170898e-09,7.256478e-10,5.194069e-10,4.226063e-10,3.864178e-10,3.941134e-10,4.466212e-10,5.622815e-10,7.897430e-10,1.248998e-09,2.256536e-09,4.727771e-09,1.136280e-08,2.713544e-08,4.137192e-08,2.937294e-08
35,1.366556e+09,0.800019,0.000000e+00,2.077818e-01,2.077816e-01,2.077815e-01,2.077813e-01,2.077811e-01,2.077809e-01,2.077807e-01,2.077805e-01,2.077803e-01,2.077801e-01,2.077799e-01,2.077796e-01,2.077794e-01,2.077791e-01,2.077788e-01,2.077785e-01,2.077782e-01,2.077779e-01,2.077775e-01,2.077772e-01,2.077768e-01,2.077763e-01,2.077758e-01,2.077752e-01,2.077746e-01,2.077737e-01,2.077727e-01,2.077716e-01,2.077704e-01,2.077691e-01,2.077676e-01,2.077658e-01,2.077636e-01,2.077607e-01,2.077565e-01,2.077482e-01,2.077084e-01,2.073506e-01,2.071675e-01,2.070555e-01,2.068965e-01,2.064308e-01,2.047729e-01,2.039828e-01,2.037391e-01,2.036050e-01,2.034982e-01,2.033870e-01,2.032367e-01,2.029399e-01,2.020916e-01,2.005576e-01,1.999823e-01,1.996907e-01,1.993682e-01,1.986337e-01,1.971812e-01,1.965127e-01,1.962492e-01,1.960922e-01,1.959664e-01,1.958386e-01,1.956744e-01,1.953926e-01,1.946885e-01,1.933806e-01,1.927029e-01,1.924138e-01,1.922311e-01,1.920680e-01,1.918695e-01,1.915327e-01,1.907485e-01,1.895957e-01,1.890050e-01,1.887371e-01,1.885771e-01,1.884567e-01,1.883484e-01,1.882336e-01,1.880898e-01,1.878707e-01,1.874440e-01,1.865341e-01,1.855978e-01,1.851353e-01,1.848992e-01,1.847466e-01,1.846259e-01,1.845127e-01,1.843880e-01,1.842262e-01,1.839723e-01,1.834834e-01,1.825958e-01,1.818046e-01,1.813912e-01,1.811677e-01,1.810233e-01,1.809144e-01,1.808211e-01,1.807320e-01,1.806373e-01,1.805253e-01,1.803757e-01,1.801452e-01,1.797297e-01,1.789874e-01,1.781996e-01,1.777218e-01,1.774584e-01,1.772939e-01,1.771757e-01,1.770801e-01,1.769946e-01,1.769109e-01,1.768211e-01,1.767159e-01,1.765792e-01,1.763800e-01,1.760503e-01,1.754767e-01,1.747316e-01,1.741637e-01,1.738295e-01,1.736269e-01,1.734900e-01,1.733872e-01,1.733030e-01,1.732283e-01,1.731576e-01,1.730859e-01,1.730083e-01,1.729187e-01,1.728068e-01,1.726549e-01,1.724273e-01,1.720557e-01,1.714729e-01,1.708214e-01,1.703401e-01,1.700407e-01,1.698498e-01,1.697173e-01,1.696171e-01,1.695356e-01,1.694649e-01,1.693998e-01,1.693367e-01,1.692722e-01,1.692029e-01,1.691241e-01,1.690292e-01,1.689073e-01,1.687386e-01,1.684862e-01,1.680921e-01,1.675382e-01,1.669728e-01,0.000000e+00,6.105804e-21,2.652164e-20,6.503587e-20,1.265085e-19,2.172223e-19,3.453776e-19,5.217639e-19,7.607400e-19,1.081512e-18,1.509334e-18,2.074990e-18,2.814614e-18,3.776167e-18,5.025911e-18,6.657337e-18,8.801506e-18,1.164765e-17,1.547937e-17,2.073581e-17,2.812015e-17,3.881156e-17,5.490419e-17,8.039856e-17,1.236952e-16,2.047152e-16,3.769420e-16,7.683834e-16,1.505984e-15,2.783413e-15,5.031218e-15,9.143253e-15,1.730565e-14,3.573800e-14,8.672163e-14,2.903739e-13,2.132314e-12,1.954089e-10,1.436609e-09,2.326545e-10,2.689715e-10,1.127790e-09,1.995834e-08,5.291264e-08,3.156948e-09,6.046083e-10,2.819924e-10,2.444977e-10,3.548009e-10,9.126923e-10,5.077893e-09,5.972905e-08,2.429192e-08,3.242366e-09,2.065420e-09,5.453642e-09,4.823850e-08,4.008539e-08,4.361167e-09,1.081294e-09,5.360965e-10,4.488345e-10,6.001323e-10,1.318304e-09,5.491796e-09,4.392602e-08,3.855437e-08,5.426982e-09,1.527608e-09,9.203322e-10,1.055564e-09,2.233678e-09,9.259520e-09,5.369018e-08,3.228516e-08,5.445390e-09,1.491579e-09,6.878218e-10,4.774958e-10,4.696710e-10,6.417716e-10,1.243188e-09,3.668058e-09,1.759176e-08,5.606409e-08,1.997617e-08,4.287291e-09,1.443445e-09,7.643907e-10,5.907338e-10,6.372445e-10,9.459405e-10,1.969419e-09,6.059237e-09,2.595799e-08,5.135526e-08,1.784979e-08,4.487206e-09,1.573143e-09,7.790263e-10,5.136267e-10,4.324618e-10,4.542950e-10,5.907882e-10,9.594857e-10,2.004059e-09,5.639344e-09,2.061130e-08,4.819606e-08,2.592552e-08,7.458093e-09,2.520605e-09,1.145203e-09,6.776987e-10,5.027110e-10,4.553126e-10,4.959477e-10,6.465123e-10,1.015279e-09,1.960159e-09,4.797356e-09,1.473072e-08,3.993826e-08,3.840269e-08,1.466408e-08,4.915593e-09,2.000930e-09,1.020781e-09,6.351228e-10,4.691707e-10,4.036128e-10,3.993430e-10,4.514673e-10,5.828121e-10,8.644635e-10,1.494616e-09,3.079631e-09,7.681521e-09,2.141742e-08,4.229025e-08,3.258667e-08,1.338218e-08,5.071681e-09,2.227261e-09,1.171230e-09,7.257838e-10,5.194593e-10,4.226155e-10,3.863973e-10,3.940637e-10,4.465325e-10,5.621276e-10,7.894631e-10,1.248444e-09,2.255310e-09,4.724712e-09,1.135475e-08,2.712033e-08,4.137115e-08,2.938705e-08
36,1.366598e+09,0.800035,0.000000e+00,2.077818e-01,2.077816e-01,2.077815e-01,2.077813e-01,2.077811e-01,2.077809e-01,2.077807e-01,2.077805e-01,2.077803e-01,2.077801e-01,2.077799e-01,2.077796e-01,2.077794e-01,2.077791e-01,2.077788e-01,2.077785e-01,2.077782e-01,2.077779e-01,2.077775e-01,2.077772e-01,2.077768e-01,2.077763e-01,2.077758e-01,2.077752e-01,2.077746e-01,2.077737e-01,2.077727e-01,2.077716e-01,2.077704e-01,2.077691e-01,2.077676e-01,2.077658e-01,2.077636e-01,2.077607e-01,2.077565e-01,2.077482e-01,2.077083e-01,2.073505e-01,2.071675e-01,2.070555e-01,2.068964e-01,2.064305e-01,2.047724e-01,2.039827e-01,2.037390e-01,2.036049e-01,2.034981e-01,2.033869e-01,2.032367e-01,2.029398e-01,2.020911e-01,2.005573e-01,1.999822e-01,1.996905e-01,1.993680e-01,1.986331e-01,1.971807e-01,1.965125e-01,1.962492e-01,1.960922e-01,1.959663e-01,1.958385e-01,1.956743e-01,1.953924e-01,1.946881e-01,1.933802e-01,1.927027e-01,1.924137e-01,1.922310e-01,1.920680e-01,1.918694e-01,1.915325e-01,1.907479e-01,1.895952e-01,1.890048e-01,1.887370e-01,1.885770e-01,1.884567e-01,1.883483e-01,1.882335e-01,1.880897e-01,1.878706e-01,1.874437e-01,1.865335e-01,1.855974e-01,1.851352e-01,1.848991e-01,1.847466e-01,1.846259e-01,1.845126e-01,1.843879e-01,1.842261e-01,1.839721e-01,1.834829e-01,1.825951e-01,1.818042e-01,1.813910e-01,1.811676e-01,1.810232e-01,1.809143e-01,1.808211e-01,1.807319e-01,1.806372e-01,1.805252e-01,1.803756e-01,1.801450e-01,1.797292e-01,1.789868e-01,1.781991e-01,1.777215e-01,1.774583e-01,1.772938e-01,1.771756e-01,1.770800e-01,1.769946e-01,1.769108e-01,1.768211e-01,1.767157e-01,1.765790e-01,1.763797e-01,1.760499e-01,1.754760e-01,1.747309e-01,1.741633e-01,1.738292e-01,1.736267e-01,1.734899e-01,1.733871e-01,1.733029e-01,1.732283e-01,1.731575e-01,1.730858e-01,1.730083e-01,1.729186e-01,1.728067e-01,1.726547e-01,1.724271e-01,1.720552e-01,1.714723e-01,1.708209e-01,1.703398e-01,1.700405e-01,1.698496e-01,1.697171e-01,1.696170e-01,1.695356e-01,1.694648e-01,1.693998e-01,1.693367e-01,1.692722e-01,1.692028e-01,1.691240e-01,1.690291e-01,1.689072e-01,1.687383e-01,1.684858e-01,1.680916e-01,1.675375e-01,1.669722e-01,0.000000e+00,6.105804e-21,2.652164e-20,6.503587e-20,1.265085e-19,2.172223e-19,3.453776e-19,5.217639e-19,7.607400e-19,1.081509e-18,1.509329e-18,2.074985e-18,2.814609e-18,3.776167e-18,5.025924e-18,6.657373e-18,8.801584e-18,1.164779e-17,1.547964e-17,2.073631e-17,2.812104e-17,3.881317e-17,5.490714e-17,8.040422e-17,1.237068e-16,2.047416e-16,3.770088e-16,7.685424e-16,1.506272e-15,2.783927e-15,5.032146e-15,9.145013e-15,1.730933e-14,3.574695e-14,8.674935e-14,2.905092e-13,2.134163e-12,1.958356e-10,1.435318e-09,2.326071e-10,2.690497e-10,1.128580e-09,1.998283e-08,5.286430e-08,3.154530e-09,6.043730e-10,2.819516e-10,2.445067e-10,3.548724e-10,9.131003e-10,5.080940e-09,5.977079e-08,2.427139e-08,3.241191e-09,2.065852e-09,5.458051e-09,4.828867e-08,4.004184e-08,4.357406e-09,1.080782e-09,5.359850e-10,4.488360e-10,6.002501e-10,1.318841e-09,5.495552e-09,4.395600e-08,3.852884e-08,5.423586e-09,1.527165e-09,9.203433e-10,1.055891e-09,2.235116e-09,9.269121e-09,5.372526e-08,3.225337e-08,5.440395e-09,1.490719e-09,6.876053e-10,4.774474e-10,4.697114e-10,6.419458e-10,1.243783e-09,3.670772e-09,1.760858e-08,5.606507e-08,1.995845e-08,4.284158e-09,1.442793e-09,7.642293e-10,5.907354e-10,6.373788e-10,9.463457e-10,1.970758e-09,6.065190e-09,2.598507e-08,5.134175e-08,1.783117e-08,4.483250e-09,1.572182e-09,7.787275e-10,5.135268e-10,4.324495e-10,4.543530e-10,5.909563e-10,9.599225e-10,2.005373e-09,5.644345e-09,2.063114e-08,4.820049e-08,2.590361e-08,7.451364e-09,2.518871e-09,1.144665e-09,6.775089e-10,5.026543e-10,4.553325e-10,4.960451e-10,6.467404e-10,1.015811e-09,1.961579e-09,4.801929e-09,1.474689e-08,3.996120e-08,3.837986e-08,1.464894e-08,4.911044e-09,1.999507e-09,1.020257e-09,6.349054e-10,4.690807e-10,4.035902e-10,3.993718e-10,4.515564e-10,5.830019e-10,8.648648e-10,1.495541e-09,3.082090e-09,7.688996e-09,2.143766e-08,4.230026e-08,3.256498e-08,1.336922e-08,5.067199e-09,2.225687e-09,1.170605e-09,7.255087e-10,5.193338e-10,4.225662e-10,3.863976e-10,3.941087e-10,4.466337e-10,5.623206e-10,7.898333e-10,1.249204e-09,2.257041e-09,4.729142e-09,1.136669e-08,2.714331e-08,4.137258e-08,2.936531e-08
37,1.366569e+09,0.800024,0.000000e+00,2.077818e-01,2.077816e-01,2.077815e-01,2.077813e-01,2.077811e-01,2.077809e-01,2.077807e-01,2.077805e-01,2.077803e-01,2.077801e-01,2.077799e-01,2.077796e-01,2.077794e-01,2.077791e-01,2.077788e-01,2.077785e-01,2.077782e-01,2.077779e-01,2.077775e-01,2.077772e-01,2.077768e-01,2.077763e-01,2.077758e-01,2.077752e-01,2.077746e-01,2.077737e-01,2.077727e-01,2.077716e-01,2.077704e-01,2.077691e-01,2.077676e-01,2.077658e-01,2.077636e-01,2.077607e-01,2.077565e-01,2.077482e-01,2.077083e-01,2.073506e-01,2.071675e-01,2.070555e-01,2.068964e-01,2.064307e-01,2.047728e-01,2.039828e-01,2.037391e-01,2.036050e-01,2.034982e-01,2.033869e-01,2.032367e-01,2.029399e-01,2.020915e-01,2.005576e-01,1.999823e-01,1.996906e-01,1.993681e-01,1.986335e-01,1.971810e-01,1.965127e-01,1.962492e-01,1.960922e-01,1.959664e-01,1.958386e-01,1.956744e-01,1.953925e-01,1.946884e-01,1.933804e-01,1.927028e-01,1.924138e-01,1.922311e-01,1.920680e-01,1.918695e-01,1.915327e-01,1.907483e-01,1.895956e-01,1.890050e-01,1.887371e-01,1.885770e-01,1.884567e-01,1.883484e-01,1.882336e-01,1.880898e-01,1.878707e-01,1.874439e-01,1.865339e-01,1.855977e-01,1.851353e-01,1.848992e-01,1.847466e-01,1.846259e-01,1.845126e-01,1.843880e-01,1.842262e-01,1.839722e-01,1.834832e-01,1.825956e-01,1.818044e-01,1.813911e-01,1.811676e-01,1.810232e-01,1.809143e-01,1.808211e-01,1.807320e-01,1.806373e-01,1.805253e-01,1.803757e-01,1.801451e-01,1.797295e-01,1.789872e-01,1.781995e-01,1.777217e-01,1.774584e-01,1.772939e-01,1.771757e-01,1.770801e-01,1.769946e-01,1.769108e-01,1.768211e-01,1.767158e-01,1.765791e-01,1.763799e-01,1.760501e-01,1.754765e-01,1.747314e-01,1.741636e-01,1.738294e-01,1.736268e-01,1.734899e-01,1.733872e-01,1.733029e-01,1.732283e-01,1.731575e-01,1.730858e-01,1.730083e-01,1.729186e-01,1.728068e-01,1.726548e-01,1.724272e-01,1.720555e-01,1.714727e-01,1.708212e-01,1.703400e-01,1.700406e-01,1.698497e-01,1.697172e-01,1.696171e-01,1.695356e-01,1.694649e-01,1.693998e-01,1.693367e-01,1.692722e-01,1.692028e-01,1.691241e-01,1.690292e-01,1.689073e-01,1.687385e-01,1.684861e-01,1.680920e-01,1.675379e-01,1.669726e-01,0.000000e+00,6.105804e-21,2.652164e-20,6.503587e-20,1.265085e-19,2.172223e-19,3.453776e-19,5.217639e-19,7.607400e-19,1.081510e-18,1.509332e-18,2.074985e-18,2.814609e-18,3.776162e-18,5.025907e-18,6.657339e-18,8.801515e-18,1.164768e-17,1.547945e-17,2.073597e-17,2.812042e-17,3.881206e-17,5.490512e-17,8.040036e-17,1.236988e-16,2.047236e-16,3.769630e-16,7.684331e-16,1.506075e-15,2.783577e-15,5.031513e-15,9.143813e-15,1.730681e-14,3.574082e-14,8.673031e-14,2.904163e-13,2.132887e-12,1.955367e-10,1.436225e-09,2.326418e-10,2.689992e-10,1.128064e-09,1.996732e-08,5.289486e-08,3.156177e-09,6.045331e-10,2.819788e-10,2.444993e-10,3.548202e-10,9.128049e-10,5.078715e-09,5.974036e-08,2.428617e-08,3.242030e-09,2.065553e-09,5.454961e-09,4.825328e-08,4.007181e-08,4.359946e-09,1.081124e-09,5.360591e-10,4.488343e-10,6.001700e-10,1.318477e-09,5.492989e-09,4.393545e-08,3.854639e-08,5.425902e-09,1.527469e-09,9.203383e-10,1.055673e-09,2.234148e-09,9.262669e-09,5.370183e-08,3.227529e-08,5.443870e-09,1.491322e-09,6.877575e-10,4.774816e-10,4.696831e-10,6.418227e-10,1.243360e-09,3.668822e-09,1.759639e-08,5.606500e-08,1.997126e-08,4.286379e-09,1.443255e-09,7.643453e-10,5.907378e-10,6.372901e-10,9.460726e-10,1.969851e-09,6.061148e-09,2.596658e-08,5.135082e-08,1.784364e-08,4.485883e-09,1.572818e-09,7.789240e-10,5.135913e-10,4.324555e-10,4.543112e-10,5.908386e-10,9.596185e-10,2.004459e-09,5.640865e-09,2.061735e-08,4.819761e-08,2.591901e-08,7.456066e-09,2.520086e-09,1.145042e-09,6.776428e-10,5.026955e-10,4.553208e-10,4.959802e-10,6.465870e-10,1.015451e-09,1.960620e-09,4.798845e-09,1.473599e-08,3.994577e-08,3.839523e-08,1.465919e-08,4.914136e-09,2.000474e-09,1.020613e-09,6.350529e-10,4.691417e-10,4.036054e-10,3.993521e-10,4.514954e-10,5.828721e-10,8.645904e-10,1.494908e-09,3.080407e-09,7.683868e-09,2.142378e-08,4.229335e-08,3.257988e-08,1.337814e-08,5.070282e-09,2.226771e-09,1.171035e-09,7.256982e-10,5.194204e-10,4.226003e-10,3.863975e-10,3.940778e-10,4.465642e-10,5.621881e-10,7.895797e-10,1.248683e-09,2.255856e-09,4.726111e-09,1.135853e-08,2.712760e-08,4.137154e-08,2.938007e-08
38,1.366534e+09,0.800026,0.000000e+00,2.077818e-01,2.077816e-01,2.077815e-01,2.077813e-01,2.077811e-01,2.077809e-01,2.077807e-01,2.077805e-01,2.077803e-01,2.077801e-01,2.077799e-01,2.077796e-01,2.077794e-01,2.077791e-01,2.077788e-01,2.077785e-01,2.077782e-01,2.077779e-01,2.077775e-01,2.077772e-01,2.077768e-01,2.077763e-01,2.077758e-01,2.077752e-01,2.077746e-01,2.077737e-01,2.077727e-01,2.077716e-01,2.077704e-01,2.077691e-01,2.077676e-01,2.077658e-01,2.077636e-01,2.077607e-01,2.077565e-01,2.077482e-01,2.077083e-01,2.073505e-01,2.071675e-01,2.070555e-01,2.068964e-01,2.064304e-01,2.047722e-01,2.039827e-01,2.037390e-01,2.036049e-01,2.034981e-01,2.033869e-01,2.032367e-01,2.029397e-01,2.020909e-01,2.005572e-01,1.999822e-01,1.996905e-01,1.993679e-01,1.986330e-01,1.971805e-01,1.965125e-01,1.962491e-01,1.960921e-01,1.959663e-01,1.958385e-01,1.956743e-01,1.953923e-01,1.946878e-01,1.933799e-01,1.927026e-01,1.924137e-01,1.922310e-01,1.920679e-01,1.918694e-01,1.915324e-01,1.907477e-01,1.895951e-01,1.890048e-01,1.887370e-01,1.885770e-01,1.884567e-01,1.883483e-01,1.882335e-01,1.880897e-01,1.878705e-01,1.874435e-01,1.865332e-01,1.855972e-01,1.851351e-01,1.848991e-01,1.847465e-01,1.846258e-01,1.845126e-01,1.843879e-01,1.842260e-01,1.839720e-01,1.834827e-01,1.825949e-01,1.818040e-01,1.813909e-01,1.811675e-01,1.810232e-01,1.809143e-01,1.808210e-01,1.807319e-01,1.806372e-01,1.805252e-01,1.803756e-01,1.801449e-01,1.797291e-01,1.789865e-01,1.781989e-01,1.777214e-01,1.774582e-01,1.772937e-01,1.771756e-01,1.770800e-01,1.769946e-01,1.769108e-01,1.768210e-01,1.767157e-01,1.765790e-01,1.763797e-01,1.760497e-01,1.754758e-01,1.747307e-01,1.741632e-01,1.738292e-01,1.736267e-01,1.734898e-01,1.733871e-01,1.733029e-01,1.732283e-01,1.731575e-01,1.730858e-01,1.730082e-01,1.729185e-01,1.728067e-01,1.726546e-01,1.724270e-01,1.720550e-01,1.714720e-01,1.708206e-01,1.703396e-01,1.700404e-01,1.698496e-01,1.697171e-01,1.696170e-01,1.695355e-01,1.694648e-01,1.693998e-01,1.693366e-01,1.692721e-01,1.692028e-01,1.691240e-01,1.690291e-01,1.689071e-01,1.687383e-01,1.684857e-01,1.680914e-01,1.675372e-01,1.669720e-01,0.000000e+00,6.105804e-21,2.652164e-20,6.503587e-20,1.265085e-19,2.172223e-19,3.453776e-19,5.217639e-19,7.607400e-19,1.081510e-18,1.509331e-18,2.074984e-18,2.814607e-18,3.776161e-18,5.025906e-18,6.657339e-18,8.801522e-18,1.164768e-17,1.547946e-17,2.073601e-17,2.812051e-17,3.881223e-17,5.490544e-17,8.040100e-17,1.237002e-16,2.047268e-16,3.769717e-16,7.684558e-16,1.506125e-15,2.783689e-15,5.031764e-15,9.144396e-15,1.730828e-14,3.574505e-14,8.674573e-14,2.905036e-13,2.134235e-12,1.958788e-10,1.435125e-09,2.325965e-10,2.690657e-10,1.128786e-09,1.999054e-08,5.284765e-08,3.153614e-09,6.042747e-10,2.819301e-10,2.445052e-10,3.548969e-10,9.132759e-10,5.082469e-09,5.979365e-08,2.425997e-08,3.240377e-09,2.065776e-09,5.458780e-09,4.829886e-08,4.003269e-08,4.356447e-09,1.080642e-09,5.359575e-10,4.488483e-10,6.003232e-10,1.319175e-09,5.498037e-09,4.397713e-08,3.850987e-08,5.421010e-09,1.526749e-09,9.202344e-10,1.055894e-09,2.235370e-09,9.271290e-09,5.373432e-08,3.224533e-08,5.439040e-09,1.490469e-09,6.875391e-10,4.774318e-10,4.697265e-10,6.420137e-10,1.244031e-09,3.671970e-09,1.761636e-08,5.606568e-08,1.994968e-08,4.282535e-09,1.442427e-09,7.641146e-10,5.906970e-10,6.373856e-10,9.464278e-10,1.971098e-09,6.066837e-09,2.599303e-08,5.133834e-08,1.782501e-08,4.481826e-09,1.571816e-09,7.786054e-10,5.134805e-10,4.324372e-10,4.543679e-10,5.910137e-10,9.600869e-10,2.005898e-09,5.646441e-09,2.063976e-08,4.820280e-08,2.589369e-08,7.448197e-09,2.518024e-09,1.144384e-09,6.773953e-10,5.026036e-10,4.553138e-10,4.960530e-10,6.467883e-10,1.015951e-09,1.961995e-09,4.803378e-09,1.475235e-08,3.996914e-08,3.837131e-08,1.464348e-08,4.909388e-09,1.998973e-09,1.020051e-09,6.348137e-10,4.690370e-10,4.035720e-10,3.993723e-10,4.515781e-10,5.830591e-10,8.649984e-10,1.495872e-09,3.083015e-09,7.691936e-09,2.144593e-08,4.230442e-08,3.255567e-08,1.336361e-08,5.065216e-09,2.224969e-09,1.170306e-09,7.253673e-10,5.192602e-10,4.225266e-10,3.863784e-10,3.941058e-10,4.466491e-10,5.623643e-10,7.899315e-10,1.249424e-09,2.257576e-09,4.730584e-09,1.137075e-08,2.715142e-08,4.137310e-08,2.935733e-08
39,1.366490e+09,0.800019,0.000000e+00,2.077818e-01,2.077816e-01,2.077815e-01,2.077813e-01,2.077811e-01,2.077809e-01,2.077807e-01,2.077805e-01,2.077803e-01,2.077801e-01,2.077799e-01,2.077796e-01,2.077794e-01,2.077791e-01,2.077788e-01,2.077785e-01,2.077782e-01,2.077779e-01,2.077775e-01,2.077772e-01,2.077768e-01,2.077763e-01,2.077758e-01,2.077752e-01,2.077746e-01,2.077737e-01,2.077727e-01,2.077716e-01,2.077704e-01,2.077691e-01,2.077676e-01,2.077658e-01,2.077636e-01,2.077607e-01,2.077565e-01,2.077482e-01,2.077083e-01,2.073505e-01,2.071675e-01,2.070555e-01,2.068964e-01,2.064304e-01,2.047722e-01,2.039826e-01,2.037390e-01,2.036049e-01,2.034981e-01,2.033869e-01,2.032366e-01,2.029397e-01,2.020907e-01,2.005570e-01,1.999821e-01,1.996905e-01,1.993679e-01,1.986330e-01,1.971805e-01,1.965125e-01,1.962491e-01,1.960921e-01,1.959663e-01,1.958385e-01,1.956743e-01,1.953923e-01,1.946876e-01,1.933797e-01,1.927025e-01,1.924136e-01,1.922310e-01,1.920679e-01,1.918694e-01,1.915324e-01,1.907477e-01,1.895950e-01,1.890047e-01,1.887370e-01,1.885769e-01,1.884567e-01,1.883483e-01,1.882335e-01,1.880897e-01,1.878705e-01,1.874434e-01,1.865330e-01,1.855971e-01,1.851350e-01,1.848990e-01,1.847465e-01,1.846258e-01,1.845125e-01,1.843879e-01,1.842260e-01,1.839720e-01,1.834827e-01,1.825948e-01,1.818040e-01,1.813909e-01,1.811675e-01,1.810231e-01,1.809143e-01,1.808210e-01,1.807319e-01,1.806372e-01,1.805251e-01,1.803755e-01,1.801448e-01,1.797289e-01,1.789863e-01,1.781988e-01,1.777213e-01,1.774582e-01,1.772937e-01,1.771755e-01,1.770800e-01,1.769945e-01,1.769108e-01,1.768210e-01,1.767157e-01,1.765790e-01,1.763796e-01,1.760497e-01,1.754757e-01,1.747306e-01,1.741631e-01,1.738291e-01,1.736267e-01,1.734898e-01,1.733871e-01,1.733029e-01,1.732283e-01,1.731575e-01,1.730858e-01,1.730082e-01,1.729185e-01,1.728066e-01,1.726546e-01,1.724269e-01,1.720549e-01,1.714719e-01,1.708205e-01,1.703395e-01,1.700403e-01,1.698495e-01,1.697171e-01,1.696170e-01,1.695355e-01,1.694648e-01,1.693997e-01,1.693366e-01,1.692721e-01,1.692028e-01,1.691240e-01,1.690291e-01,1.689071e-01,1.687382e-01,1.684857e-01,1.680913e-01,1.675371e-01,1.669719e-01,0.000000e+00,6.105804e-21,2.652164e-20,6.503587e-20,1.265085e-19,2.172223e-19,3.453776e-19,5.217639e-19,7.607400e-19,1.081511e-18,1.509333e-18,2.074989e-18,2.814613e-18,3.776168e-18,5.025914e-18,6.657345e-18,8.801518e-18,1.164766e-17,1.547940e-17,2.073586e-17,2.812023e-17,3.881170e-17,5.490441e-17,8.039890e-17,1.236958e-16,2.047168e-16,3.769463e-16,7.683969e-16,1.506025e-15,2.783527e-15,5.031507e-15,9.143986e-15,1.730759e-14,3.574381e-14,8.674346e-14,2.905006e-13,2.134294e-12,1.959103e-10,1.435001e-09,2.325875e-10,2.690664e-10,1.128833e-09,1.999241e-08,5.284346e-08,3.153265e-09,6.042344e-10,2.819217e-10,2.445075e-10,3.549172e-10,9.134081e-10,5.083561e-09,5.980974e-08,2.425186e-08,3.239757e-09,2.065656e-09,5.458928e-09,4.830225e-08,4.002888e-08,4.355998e-09,1.080572e-09,5.359424e-10,4.488545e-10,6.003636e-10,1.319367e-09,5.499534e-09,4.399004e-08,3.849771e-08,5.419499e-09,1.526498e-09,9.201589e-10,1.055870e-09,2.235433e-09,9.271992e-09,5.373749e-08,3.224178e-08,5.438366e-09,1.490340e-09,6.875047e-10,4.774257e-10,4.697399e-10,6.420638e-10,1.244210e-09,3.672837e-09,1.762212e-08,5.606600e-08,1.994347e-08,4.281423e-09,1.442174e-09,7.640310e-10,5.906633e-10,6.373763e-10,9.464505e-10,1.971224e-09,6.067477e-09,2.599622e-08,5.133743e-08,1.782235e-08,4.481166e-09,1.571642e-09,7.785476e-10,5.134596e-10,4.324340e-10,4.543800e-10,5.910522e-10,9.601937e-10,2.006238e-09,5.647799e-09,2.064545e-08,4.820400e-08,2.588729e-08,7.446225e-09,2.517500e-09,1.144209e-09,6.773225e-10,5.025687e-10,4.552966e-10,4.960483e-10,6.467995e-10,1.015997e-09,1.962145e-09,4.803915e-09,1.475439e-08,3.997233e-08,3.836835e-08,1.464128e-08,4.908682e-09,1.998739e-09,1.019960e-09,6.347739e-10,4.690190e-10,4.035662e-10,3.993760e-10,4.515937e-10,5.830954e-10,8.650797e-10,1.496070e-09,3.083561e-09,7.693656e-09,2.145083e-08,4.230725e-08,3.255064e-08,1.336048e-08,5.064096e-09,2.224562e-09,1.170137e-09,7.252875e-10,5.192186e-10,4.225041e-10,3.863674e-10,3.941039e-10,4.466575e-10,5.623882e-10,7.899861e-10,1.249548e-09,2.257881e-09,4.731409e-09,1.137309e-08,2.715614e-08,4.137343e-08,2.935278e-08
40,1.365748e+09,0.799891,0.000000e+00,2.077818e-01,2.077816e-01,2.077815e-01,2.077813e-01,2.077811e-01,2.077809e-01,2.077807e-01,2.077805e-01,2.077803e-01,2.077801e-01,2.077799e-01,2.077796e-01,2.077794e-01,2.077791e-01,2.077788e-01,2.077785e-01,2.077782e-01,2.077779e-01,2.077775e-01,2.077772e-01,2.077768e-01,2.077763e-01,2.077758e-01,2.077752e-01,2.077746e-01,2.077737e-01,2.077727e-01,2.077716e-01,2.077704e-01,2.077691e-01,2.077676e-01,2.077658e-01,2.077636e-01,2.077607e-01,2.077565e-01,2.077482e-01,2.077084e-01,2.073506e-01,2.071675e-01,2.070555e-01,2.068963e-01,2.064300e-01,2.047714e-01,2.039824e-01,2.037390e-01,2.036049e-01,2.034981e-01,2.033869e-01,2.032365e-01,2.029393e-01,2.020889e-01,2.005559e-01,1.999818e-01,1.996904e-01,1.993678e-01,1.986327e-01,1.971801e-01,1.965123e-01,1.962491e-01,1.960921e-01,1.959663e-01,1.958384e-01,1.956741e-01,1.953918e-01,1.946859e-01,1.933780e-01,1.927020e-01,1.924134e-01,1.922309e-01,1.920679e-01,1.918693e-01,1.915322e-01,1.907472e-01,1.895946e-01,1.890045e-01,1.887369e-01,1.885769e-01,1.884566e-01,1.883482e-01,1.882334e-01,1.880895e-01,1.878701e-01,1.874423e-01,1.865309e-01,1.855959e-01,1.851345e-01,1.848988e-01,1.847464e-01,1.846257e-01,1.845125e-01,1.843878e-01,1.842259e-01,1.839718e-01,1.834821e-01,1.825939e-01,1.818034e-01,1.813906e-01,1.811673e-01,1.810230e-01,1.809142e-01,1.808210e-01,1.807318e-01,1.806371e-01,1.805250e-01,1.803753e-01,1.801444e-01,1.797279e-01,1.789846e-01,1.781975e-01,1.777207e-01,1.774578e-01,1.772935e-01,1.771754e-01,1.770799e-01,1.769945e-01,1.769107e-01,1.768210e-01,1.767156e-01,1.765789e-01,1.763794e-01,1.760492e-01,1.754747e-01,1.747296e-01,1.741625e-01,1.738287e-01,1.736264e-01,1.734897e-01,1.733870e-01,1.733028e-01,1.732282e-01,1.731574e-01,1.730857e-01,1.730082e-01,1.729184e-01,1.728065e-01,1.726543e-01,1.724264e-01,1.720540e-01,1.714705e-01,1.708192e-01,1.703387e-01,1.700398e-01,1.698492e-01,1.697169e-01,1.696168e-01,1.695354e-01,1.694647e-01,1.693997e-01,1.693366e-01,1.692721e-01,1.692027e-01,1.691239e-01,1.690290e-01,1.689069e-01,1.687379e-01,1.684852e-01,1.680904e-01,1.675360e-01,1.669709e-01,0.000000e+00,6.105804e-21,2.652164e-20,6.503587e-20,1.265085e-19,2.172222e-19,3.453775e-19,5.217637e-19,7.607395e-19,1.081510e-18,1.509331e-18,2.074981e-18,2.814588e-18,3.776091e-18,5.025734e-18,6.656963e-18,8.800783e-18,1.164632e-17,1.547699e-17,2.073162e-17,2.811273e-17,3.879833e-17,5.488002e-17,8.035252e-17,1.236016e-16,2.045058e-16,3.764173e-16,7.671686e-16,1.503911e-15,2.779987e-15,5.025617e-15,9.133847e-15,1.728872e-14,3.570428e-14,8.664326e-14,2.901281e-13,2.130694e-12,1.953526e-10,1.435973e-09,2.326010e-10,2.690934e-10,1.129498e-09,2.002456e-08,5.276395e-08,3.148056e-09,6.036034e-10,2.817603e-10,2.444759e-10,3.550583e-10,9.145591e-10,5.094748e-09,5.998118e-08,2.416543e-08,3.232912e-09,2.063926e-09,5.458593e-09,4.832510e-08,4.000027e-08,4.352478e-09,1.079970e-09,5.358048e-10,4.489149e-10,6.007740e-10,1.321359e-09,5.515076e-09,4.412573e-08,3.837599e-08,5.402589e-09,1.523576e-09,9.191811e-10,1.055365e-09,2.235406e-09,9.276531e-09,5.376469e-08,3.221210e-08,5.432910e-09,1.489225e-09,6.871847e-10,4.773537e-10,4.698475e-10,6.425232e-10,1.245925e-09,3.681357e-09,1.767899e-08,5.607319e-08,1.987857e-08,4.269140e-09,1.439279e-09,7.630200e-10,5.901913e-10,6.371379e-10,9.464609e-10,1.972058e-09,6.073102e-09,2.602802e-08,5.131975e-08,1.779540e-08,4.474850e-09,1.569930e-09,7.779402e-10,5.132089e-10,4.323494e-10,4.544347e-10,5.913378e-10,9.610831e-10,2.009242e-09,5.660298e-09,2.069896e-08,4.821903e-08,2.582531e-08,7.426204e-09,2.512023e-09,1.142329e-09,6.765130e-10,5.021564e-10,4.550709e-10,4.959502e-10,6.468626e-10,1.016419e-09,1.963695e-09,4.809863e-09,1.477815e-08,4.000987e-08,3.832968e-08,1.461391e-08,4.899886e-09,1.995779e-09,1.018769e-09,6.342119e-10,4.687245e-10,4.034112e-10,3.993194e-10,4.516429e-10,5.833188e-10,8.656839e-10,1.497680e-09,3.088292e-09,7.709248e-09,2.149618e-08,4.233219e-08,3.249980e-08,1.332878e-08,5.052607e-09,2.220305e-09,1.168320e-09,7.243930e-10,5.187232e-10,4.222061e-10,3.861831e-10,3.940011e-10,4.466363e-10,5.624860e-10,7.903126e-10,1.250407e-09,2.260160e-09,4.737926e-09,1.139232e-08,2.719623e-08,4.137800e-08,2.931338e-08
41,1.366409e+09,0.800005,0.000000e+00,2.077818e-01,2.077816e-01,2.077815e-01,2.077813e-01,2.077811e-01,2.077809e-01,2.077807e-01,2.077805e-01,2.077803e-01,2.077801e-01,2.077799e-01,2.077796e-01,2.077794e-01,2.077791e-01,2.077788e-01,2.077785e-01,2.077782e-01,2.077779e-01,2.077775e-01,2.077772e-01,2.077768e-01,2.077763e-01,2.077758e-01,2.077752e-01,2.077746e-01,2.077737e-01,2.077727e-01,2.077716e-01,2.077704e-01,2.077691e-01,2.077676e-01,2.077658e-01,2.077636e-01,2.077607e-01,2.077565e-01,2.077482e-01,2.077083e-01,2.073505e-01,2.071675e-01,2.070555e-01,2.068964e-01,2.064304e-01,2.047721e-01,2.039826e-01,2.037390e-01,2.036049e-01,2.034981e-01,2.033869e-01,2.032366e-01,2.029396e-01,2.020905e-01,2.005569e-01,1.999821e-01,1.996905e-01,1.993679e-01,1.986330e-01,1.971805e-01,1.965125e-01,1.962491e-01,1.960921e-01,1.959663e-01,1.958385e-01,1.956743e-01,1.953922e-01,1.946874e-01,1.933795e-01,1.927025e-01,1.924136e-01,1.922310e-01,1.920679e-01,1.918694e-01,1.915324e-01,1.907476e-01,1.895950e-01,1.890047e-01,1.887370e-01,1.885769e-01,1.884567e-01,1.883483e-01,1.882335e-01,1.880897e-01,1.878704e-01,1.874433e-01,1.865327e-01,1.855970e-01,1.851350e-01,1.848990e-01,1.847465e-01,1.846258e-01,1.845125e-01,1.843879e-01,1.842260e-01,1.839720e-01,1.834826e-01,1.825947e-01,1.818039e-01,1.813909e-01,1.811675e-01,1.810231e-01,1.809143e-01,1.808210e-01,1.807319e-01,1.806372e-01,1.805251e-01,1.803755e-01,1.801448e-01,1.797288e-01,1.789861e-01,1.781986e-01,1.777213e-01,1.774581e-01,1.772937e-01,1.771755e-01,1.770800e-01,1.769945e-01,1.769108e-01,1.768210e-01,1.767157e-01,1.765790e-01,1.763796e-01,1.760496e-01,1.754756e-01,1.747305e-01,1.741631e-01,1.738291e-01,1.736266e-01,1.734898e-01,1.733871e-01,1.733028e-01,1.732282e-01,1.731575e-01,1.730857e-01,1.730082e-01,1.729185e-01,1.728066e-01,1.726546e-01,1.724268e-01,1.720548e-01,1.714717e-01,1.708203e-01,1.703394e-01,1.700403e-01,1.698495e-01,1.697170e-01,1.696170e-01,1.695355e-01,1.694648e-01,1.693997e-01,1.693366e-01,1.692721e-01,1.692027e-01,1.691239e-01,1.690291e-01,1.689071e-01,1.687382e-01,1.684856e-01,1.680912e-01,1.675370e-01,1.669718e-01,0.000000e+00,6.105804e-21,2.652164e-20,6.503587e-20,1.265085e-19,2.172223e-19,3.453776e-19,5.217639e-19,7.607397e-19,1.081511e-18,1.509333e-18,2.074988e-18,2.814610e-18,3.776156e-18,5.025885e-18,6.657288e-18,8.801422e-18,1.164749e-17,1.547910e-17,2.073536e-17,2.811934e-17,3.881011e-17,5.490154e-17,8.039353e-17,1.236850e-16,2.046923e-16,3.768850e-16,7.682547e-16,1.505780e-15,2.783113e-15,5.030813e-15,9.142777e-15,1.730530e-14,3.573882e-14,8.673013e-14,2.904465e-13,2.133705e-12,1.958084e-10,1.435230e-09,2.325953e-10,2.690664e-10,1.128854e-09,1.999342e-08,5.284066e-08,3.152774e-09,6.041741e-10,2.819079e-10,2.445082e-10,3.549416e-10,9.135723e-10,5.085088e-09,5.983251e-08,2.424067e-08,3.238873e-09,2.065393e-09,5.458593e-09,4.830154e-08,4.002812e-08,4.355814e-09,1.080537e-09,5.359384e-10,4.488700e-10,6.004240e-10,1.319635e-09,5.501568e-09,4.400747e-08,3.848229e-08,5.417345e-09,1.526125e-09,9.200311e-10,1.055793e-09,2.235374e-09,9.272185e-09,5.373941e-08,3.223943e-08,5.437962e-09,1.490255e-09,6.874815e-10,4.774237e-10,4.697568e-10,6.421225e-10,1.244419e-09,3.673860e-09,1.762896e-08,5.606643e-08,1.993553e-08,4.279942e-09,1.441825e-09,7.639078e-10,5.906036e-10,6.373417e-10,9.464360e-10,1.971271e-09,6.067900e-09,2.599885e-08,5.133581e-08,1.782005e-08,4.480633e-09,1.571496e-09,7.784971e-10,5.134404e-10,4.324305e-10,4.543918e-10,5.910913e-10,9.603057e-10,2.006606e-09,5.649305e-09,2.065185e-08,4.820578e-08,2.587992e-08,7.443858e-09,2.516853e-09,1.143986e-09,6.772266e-10,5.025195e-10,4.552691e-10,4.960348e-10,6.468029e-10,1.016037e-09,1.962301e-09,4.804531e-09,1.475688e-08,3.997630e-08,3.836419e-08,1.463827e-08,4.907708e-09,1.998411e-09,1.019828e-09,6.347115e-10,4.689865e-10,4.035492e-10,3.993702e-10,4.515999e-10,5.831217e-10,8.651502e-10,1.496256e-09,3.084112e-09,7.695467e-09,2.145608e-08,4.230995e-08,3.254466e-08,1.335688e-08,5.062803e-09,2.224084e-09,1.169934e-09,7.251871e-10,5.191625e-10,4.224699e-10,3.863455e-10,3.940905e-10,4.466523e-10,5.623944e-10,7.900134e-10,1.249624e-09,2.258087e-09,4.731998e-09,1.137481e-08,2.715979e-08,4.137425e-08,2.934936e-08
42,1.366233e+09,0.799970,0.000000e+00,2.077818e-01,2.077816e-01,2.077815e-01,2.077813e-01,2.077811e-01,2.077809e-01,2.077807e-01,2.077805e-01,2.077803e-01,2.077801e-01,2.077799e-01,2.077796e-01,2.077794e-01,2.077791e-01,2.077788e-01,2.077785e-01,2.077782e-01,2.077779e-01,2.077775e-01,2.077772e-01,2.077768e-01,2.077763e-01,2.077758e-01,2.077752e-01,2.077746e-01,2.077737e-01,2.077727e-01,2.077716e-01,2.077704e-01,2.077691e-01,2.077676e-01,2.077658e-01,2.077636e-01,2.077607e-01,2.077565e-01,2.077482e-01,2.077084e-01,2.073506e-01,2.071675e-01,2.070555e-01,2.068964e-01,2.064304e-01,2.047721e-01,2.039826e-01,2.037390e-01,2.036049e-01,2.034981e-01,2.033869e-01,2.032366e-01,2.029396e-01,2.020904e-01,2.005569e-01,1.999821e-01,1.996905e-01,1.993680e-01,1.986331e-01,1.971806e-01,1.965125e-01,1.962491e-01,1.960921e-01,1.959663e-01,1.958385e-01,1.956743e-01,1.953922e-01,1.946874e-01,1.933794e-01,1.927025e-01,1.924136e-01,1.922310e-01,1.920680e-01,1.918694e-01,1.915325e-01,1.907478e-01,1.895951e-01,1.890048e-01,1.887370e-01,1.885770e-01,1.884567e-01,1.883483e-01,1.882335e-01,1.880897e-01,1.878704e-01,1.874432e-01,1.865326e-01,1.855969e-01,1.851350e-01,1.848990e-01,1.847465e-01,1.846258e-01,1.845126e-01,1.843879e-01,1.842261e-01,1.839720e-01,1.834827e-01,1.825949e-01,1.818040e-01,1.813909e-01,1.811675e-01,1.810232e-01,1.809143e-01,1.808211e-01,1.807319e-01,1.806372e-01,1.805251e-01,1.803755e-01,1.801448e-01,1.797288e-01,1.789861e-01,1.781986e-01,1.777213e-01,1.774581e-01,1.772937e-01,1.771755e-01,1.770800e-01,1.769946e-01,1.769108e-01,1.768210e-01,1.767157e-01,1.765790e-01,1.763797e-01,1.760497e-01,1.754757e-01,1.747306e-01,1.741631e-01,1.738291e-01,1.736267e-01,1.734898e-01,1.733871e-01,1.733029e-01,1.732283e-01,1.731575e-01,1.730858e-01,1.730082e-01,1.729185e-01,1.728066e-01,1.726546e-01,1.724269e-01,1.720549e-01,1.714718e-01,1.708204e-01,1.703394e-01,1.700403e-01,1.698495e-01,1.697171e-01,1.696170e-01,1.695355e-01,1.694648e-01,1.693998e-01,1.693366e-01,1.692722e-01,1.692028e-01,1.691240e-01,1.690291e-01,1.689071e-01,1.687383e-01,1.684857e-01,1.680913e-01,1.675371e-01,1.669719e-01,0.000000e+00,6.105804e-21,2.652164e-20,6.503587e-20,1.265085e-19,2.172223e-19,3.453776e-19,5.217639e-19,7.607399e-19,1.081511e-18,1.509333e-18,2.074987e-18,2.814603e-18,3.776138e-18,5.025839e-18,6.657188e-18,8.801223e-18,1.164713e-17,1.547845e-17,2.073421e-17,2.811729e-17,3.880646e-17,5.489488e-17,8.038091e-17,1.236593e-16,2.046349e-16,3.767409e-16,7.679189e-16,1.505197e-15,2.782121e-15,5.029118e-15,9.139750e-15,1.729940e-14,3.572575e-14,8.669411e-14,2.902943e-13,2.131925e-12,1.954486e-10,1.436181e-09,2.326325e-10,2.690516e-10,1.128748e-09,1.999317e-08,5.283735e-08,3.152500e-09,6.041154e-10,2.818791e-10,2.444837e-10,3.549097e-10,9.135089e-10,5.085030e-09,5.983524e-08,2.423739e-08,3.238359e-09,2.064976e-09,5.456968e-09,4.828810e-08,4.003804e-08,4.356470e-09,1.080592e-09,5.359378e-10,4.488593e-10,6.004112e-10,1.319650e-09,5.502050e-09,4.401411e-08,3.847589e-08,5.416342e-09,1.525878e-09,9.198735e-10,1.055569e-09,2.234744e-09,9.268781e-09,5.372898e-08,3.224750e-08,5.438925e-09,1.490378e-09,6.874993e-10,4.774212e-10,4.697491e-10,6.421168e-10,1.244444e-09,3.674132e-09,1.763150e-08,5.606771e-08,1.993192e-08,4.279139e-09,1.441591e-09,7.637933e-10,5.905132e-10,6.372337e-10,9.462518e-10,1.970823e-09,6.066340e-09,2.599319e-08,5.133763e-08,1.782284e-08,4.481127e-09,1.571576e-09,7.785031e-10,5.134290e-10,4.324122e-10,4.543672e-10,5.910569e-10,9.602536e-10,2.006523e-09,5.649215e-09,2.065228e-08,4.820663e-08,2.587845e-08,7.443124e-09,2.516589e-09,1.143867e-09,6.771550e-10,5.024635e-10,4.552143e-10,4.959691e-10,6.467078e-10,1.015872e-09,1.961947e-09,4.803590e-09,1.475415e-08,3.997331e-08,3.836727e-08,1.463994e-08,4.908106e-09,1.998494e-09,1.019838e-09,6.347009e-10,4.689686e-10,4.035266e-10,3.993421e-10,4.515630e-10,5.830695e-10,8.650680e-10,1.496111e-09,3.083820e-09,7.694830e-09,2.145504e-08,4.231014e-08,3.254539e-08,1.335701e-08,5.062750e-09,2.224021e-09,1.169883e-09,7.251458e-10,5.191263e-10,4.224349e-10,3.863085e-10,3.940477e-10,4.465977e-10,5.623184e-10,7.898967e-10,1.249423e-09,2.257697e-09,4.731146e-09,1.137288e-08,2.715671e-08,4.137423e-08,2.935166e-08
43,1.366367e+09,0.799997,0.000000e+00,2.077818e-01,2.077816e-01,2.077815e-01,2.077813e-01,2.077811e-01,2.077809e-01,2.077807e-01,2.077805e-01,2.077803e-01,2.077801e-01,2.077799e-01,2.077796e-01,2.077794e-01,2.077791e-01,2.077788e-01,2.077785e-01,2.077782e-01,2.077779e-01,2.077775e-01,2.077772e-01,2.077768e-01,2.077763e-01,2.077758e-01,2.077752e-01,2.077746e-01,2.077737e-01,2.077727e-01,2.077716e-01,2.077704e-01,2.077691e-01,2.077676e-01,2.077658e-01,2.077636e-01,2.077607e-01,2.077565e-01,2.077482e-01,2.077083e-01,2.073506e-01,2.071675e-01,2.070555e-01,2.068964e-01,2.064304e-01,2.047721e-01,2.039826e-01,2.037390e-01,2.036049e-01,2.034981e-01,2.033869e-01,2.032366e-01,2.029396e-01,2.020905e-01,2.005569e-01,1.999821e-01,1.996905e-01,1.993679e-01,1.986330e-01,1.971805e-01,1.965125e-01,1.962491e-01,1.960921e-01,1.959663e-01,1.958385e-01,1.956743e-01,1.953922e-01,1.946874e-01,1.933795e-01,1.927025e-01,1.924136e-01,1.922310e-01,1.920679e-01,1.918694e-01,1.915324e-01,1.907477e-01,1.895950e-01,1.890047e-01,1.887370e-01,1.885769e-01,1.884567e-01,1.883483e-01,1.882335e-01,1.880897e-01,1.878704e-01,1.874433e-01,1.865327e-01,1.855970e-01,1.851350e-01,1.848990e-01,1.847465e-01,1.846258e-01,1.845125e-01,1.843879e-01,1.842260e-01,1.839720e-01,1.834826e-01,1.825947e-01,1.818039e-01,1.813909e-01,1.811675e-01,1.810231e-01,1.809143e-01,1.808210e-01,1.807319e-01,1.806372e-01,1.805251e-01,1.803755e-01,1.801448e-01,1.797288e-01,1.789861e-01,1.781986e-01,1.777213e-01,1.774581e-01,1.772937e-01,1.771755e-01,1.770800e-01,1.769945e-01,1.769108e-01,1.768210e-01,1.767157e-01,1.765790e-01,1.763796e-01,1.760497e-01,1.754756e-01,1.747305e-01,1.741631e-01,1.738291e-01,1.736266e-01,1.734898e-01,1.733871e-01,1.733029e-01,1.732283e-01,1.731575e-01,1.730858e-01,1.730082e-01,1.729185e-01,1.728066e-01,1.726546e-01,1.724269e-01,1.720548e-01,1.714717e-01,1.708204e-01,1.703394e-01,1.700403e-01,1.698495e-01,1.697171e-01,1.696170e-01,1.695355e-01,1.694648e-01,1.693997e-01,1.693366e-01,1.692721e-01,1.692028e-01,1.691240e-01,1.690291e-01,1.689071e-01,1.687382e-01,1.684856e-01,1.680912e-01,1.675370e-01,1.669718e-01,0.000000e+00,6.105804e-21,2.652164e-20,6.503587e-20,1.265085e-19,2.172223e-19,3.453776e-19,5.217639e-19,7.607396e-19,1.081511e-18,1.509331e-18,2.074986e-18,2.814605e-18,3.776145e-18,5.025868e-18,6.657254e-18,8.801359e-18,1.164738e-17,1.547891e-17,2.073503e-17,2.811879e-17,3.880914e-17,5.489980e-17,8.039023e-17,1.236783e-16,2.046776e-16,3.768481e-16,7.681692e-16,1.505632e-15,2.782860e-15,5.030377e-15,9.141984e-15,1.730372e-14,3.573525e-14,8.672000e-14,2.904012e-13,2.133144e-12,1.956893e-10,1.435560e-09,2.326107e-10,2.690655e-10,1.128844e-09,1.999444e-08,5.283689e-08,3.152665e-09,6.041548e-10,2.818989e-10,2.445003e-10,3.549304e-10,9.135389e-10,5.084976e-09,5.983071e-08,2.424019e-08,3.238735e-09,2.065294e-09,5.458244e-09,4.829909e-08,4.003078e-08,4.356029e-09,1.080559e-09,5.359395e-10,4.488659e-10,6.004151e-10,1.319615e-09,5.501516e-09,4.400755e-08,3.848144e-08,5.417161e-09,1.526075e-09,9.199981e-10,1.055748e-09,2.235250e-09,9.271531e-09,5.373768e-08,3.224128e-08,5.438187e-09,1.490285e-09,6.874857e-10,4.774222e-10,4.697532e-10,6.421170e-10,1.244414e-09,3.673884e-09,1.762940e-08,5.606641e-08,1.993484e-08,4.279804e-09,1.441783e-09,7.638864e-10,5.905864e-10,6.373217e-10,9.464042e-10,1.971202e-09,6.067714e-09,2.599845e-08,5.133543e-08,1.782026e-08,4.480688e-09,1.571501e-09,7.784935e-10,5.134350e-10,4.324238e-10,4.543830e-10,5.910782e-10,9.602821e-10,2.006552e-09,5.649146e-09,2.065139e-08,4.820626e-08,2.588039e-08,7.443876e-09,2.516838e-09,1.143975e-09,6.772176e-10,5.025112e-10,4.552603e-10,4.960241e-10,6.467873e-10,1.016011e-09,1.962250e-09,4.804409e-09,1.475660e-08,3.997613e-08,3.836437e-08,1.463841e-08,4.907739e-09,1.998411e-09,1.019822e-09,6.347050e-10,4.689797e-10,4.035418e-10,3.993613e-10,4.515882e-10,5.831047e-10,8.651221e-10,1.496203e-09,3.083994e-09,7.695168e-09,2.145544e-08,4.230977e-08,3.254519e-08,1.335712e-08,5.062858e-09,2.224092e-09,1.169931e-09,7.251815e-10,5.191564e-10,4.224632e-10,3.863382e-10,3.940818e-10,4.466412e-10,5.623793e-10,7.899911e-10,1.249588e-09,2.258022e-09,4.731868e-09,1.137454e-08,2.715938e-08,4.137413e-08,2.934939e-08
44,1.366329e+09,0.799987,0.000000e+00,2.077818e-01,2.077816e-01,2.077815e-01,2.077813e-01,2.077811e-01,2.077809e-01,2.077807e-01,2.077805e-01,2.077803e-01,2.077801e-01,2.077799e-01,2.077796e-01,2.077794e-01,2.077791e-01,2.077788e-01,2.077785e-01,2.077782e-01,2.077779e-01,2.077775e-01,2.077772e-01,2.077768e-01,2.077763e-01,2.077758e-01,2.077752e-01,2.077746e-01,2.077737e-01,2.077727e-01,2.077716e-01,2.077704e-01,2.077691e-01,2.077676e-01,2.077658e-01,2.077636e-01,2.077607e-01,2.077565e-01,2.077482e-01,2.077083e-01,2.073506e-01,2.071675e-01,2.070555e-01,2.068964e-01,2.064305e-01,2.047722e-01,2.039827e-01,2.037390e-01,2.036049e-01,2.034981e-01,2.033869e-01,2.032367e-01,2.029396e-01,2.020906e-01,2.005570e-01,1.999821e-01,1.996905e-01,1.993680e-01,1.986331e-01,1.971806e-01,1.965125e-01,1.962491e-01,1.960922e-01,1.959663e-01,1.958385e-01,1.956743e-01,1.953923e-01,1.946875e-01,1.933796e-01,1.927025e-01,1.924136e-01,1.922310e-01,1.920679e-01,1.918694e-01,1.915325e-01,1.907478e-01,1.895952e-01,1.890048e-01,1.887370e-01,1.885770e-01,1.884567e-01,1.883483e-01,1.882335e-01,1.880897e-01,1.878704e-01,1.874433e-01,1.865329e-01,1.855971e-01,1.851350e-01,1.848990e-01,1.847465e-01,1.846258e-01,1.845126e-01,1.843879e-01,1.842261e-01,1.839720e-01,1.834828e-01,1.825949e-01,1.818040e-01,1.813909e-01,1.811675e-01,1.810232e-01,1.809143e-01,1.808211e-01,1.807319e-01,1.806372e-01,1.805252e-01,1.803755e-01,1.801448e-01,1.797289e-01,1.789863e-01,1.781987e-01,1.777213e-01,1.774582e-01,1.772937e-01,1.771756e-01,1.770800e-01,1.769946e-01,1.769108e-01,1.768210e-01,1.767157e-01,1.765790e-01,1.763797e-01,1.760497e-01,1.754758e-01,1.747307e-01,1.741632e-01,1.738291e-01,1.736267e-01,1.734898e-01,1.733871e-01,1.733029e-01,1.732283e-01,1.731575e-01,1.730858e-01,1.730083e-01,1.729185e-01,1.728067e-01,1.726546e-01,1.724269e-01,1.720549e-01,1.714719e-01,1.708205e-01,1.703395e-01,1.700404e-01,1.698495e-01,1.697171e-01,1.696170e-01,1.695355e-01,1.694648e-01,1.693998e-01,1.693366e-01,1.692722e-01,1.692028e-01,1.691240e-01,1.690291e-01,1.689071e-01,1.687383e-01,1.684857e-01,1.680914e-01,1.675372e-01,1.669720e-01,0.000000e+00,6.105804e-21,2.652164e-20,6.503587e-20,1.265085e-19,2.172223e-19,3.453776e-19,5.217639e-19,7.607398e-19,1.081511e-18,1.509332e-18,2.074986e-18,2.814605e-18,3.776146e-18,5.025863e-18,6.657235e-18,8.801314e-18,1.164730e-17,1.547876e-17,2.073476e-17,2.811828e-17,3.880824e-17,5.489812e-17,8.038700e-17,1.236717e-16,2.046629e-16,3.768110e-16,7.680820e-16,1.505477e-15,2.782593e-15,5.029914e-15,9.141146e-15,1.730207e-14,3.573150e-14,8.670927e-14,2.903542e-13,2.132562e-12,1.955630e-10,1.435944e-09,2.326238e-10,2.690437e-10,1.128644e-09,1.998874e-08,5.284656e-08,3.153169e-09,6.041989e-10,2.819035e-10,2.444948e-10,3.549098e-10,9.134420e-10,5.084228e-09,5.982128e-08,2.424479e-08,3.238962e-09,2.065187e-09,5.457345e-09,4.829012e-08,4.003819e-08,4.356733e-09,1.080647e-09,5.359527e-10,4.488562e-10,6.003763e-10,1.319466e-09,5.500535e-09,4.400017e-08,3.848803e-08,5.418003e-09,1.526176e-09,9.199851e-10,1.055651e-09,2.234856e-09,9.269029e-09,5.372849e-08,3.224834e-08,5.439215e-09,1.490451e-09,6.875228e-10,4.774271e-10,4.697401e-10,6.420752e-10,1.244280e-09,3.673291e-09,1.762572e-08,5.606760e-08,1.993899e-08,4.280468e-09,1.441914e-09,7.639145e-10,5.905789e-10,6.372830e-10,9.462984e-10,1.970866e-09,6.066254e-09,2.599187e-08,5.133927e-08,1.782445e-08,4.481512e-09,1.571693e-09,7.785489e-10,5.134496e-10,4.324199e-10,4.543630e-10,5.910319e-10,9.601720e-10,2.006238e-09,5.648008e-09,2.064706e-08,4.820511e-08,2.588489e-08,7.445292e-09,2.517198e-09,1.144082e-09,6.772524e-10,5.025180e-10,4.552505e-10,4.959970e-10,6.467301e-10,1.015884e-09,1.961924e-09,4.803389e-09,1.475310e-08,3.997134e-08,3.836939e-08,1.464163e-08,4.908690e-09,1.998702e-09,1.019926e-09,6.347449e-10,4.689931e-10,4.035407e-10,3.993486e-10,4.515609e-10,5.830523e-10,8.650170e-10,1.495970e-09,3.083387e-09,7.693368e-09,2.145065e-08,4.230756e-08,3.255023e-08,1.336001e-08,5.063843e-09,2.224431e-09,1.170062e-09,7.252367e-10,5.191792e-10,4.224693e-10,3.863330e-10,3.940659e-10,4.466110e-10,5.623254e-10,7.898915e-10,1.249388e-09,2.257574e-09,4.730738e-09,1.137155e-08,2.715378e-08,4.137409e-08,2.935491e-08
45,1.366357e+09,0.799994,0.000000e+00,2.077818e-01,2.077816e-01,2.077815e-01,2.077813e-01,2.077811e-01,2.077809e-01,2.077807e-01,2.077805e-01,2.077803e-01,2.077801e-01,2.077799e-01,2.077796e-01,2.077794e-01,2.077791e-01,2.077788e-01,2.077785e-01,2.077782e-01,2.077779e-01,2.077775e-01,2.077772e-01,2.077768e-01,2.077763e-01,2.077758e-01,2.077752e-01,2.077746e-01,2.077737e-01,2.077727e-01,2.077716e-01,2.077704e-01,2.077691e-01,2.077676e-01,2.077658e-01,2.077636e-01,2.077607e-01,2.077565e-01,2.077482e-01,2.077083e-01,2.073506e-01,2.071675e-01,2.070555e-01,2.068964e-01,2.064304e-01,2.047721e-01,2.039826e-01,2.037390e-01,2.036049e-01,2.034981e-01,2.033869e-01,2.032366e-01,2.029396e-01,2.020905e-01,2.005569e-01,1.999821e-01,1.996905e-01,1.993679e-01,1.986330e-01,1.971805e-01,1.965125e-01,1.962491e-01,1.960921e-01,1.959663e-01,1.958385e-01,1.956743e-01,1.953922e-01,1.946874e-01,1.933795e-01,1.927025e-01,1.924136e-01,1.922310e-01,1.920679e-01,1.918694e-01,1.915324e-01,1.907477e-01,1.895951e-01,1.890047e-01,1.887370e-01,1.885770e-01,1.884567e-01,1.883483e-01,1.882335e-01,1.880897e-01,1.878704e-01,1.874433e-01,1.865327e-01,1.855970e-01,1.851350e-01,1.848990e-01,1.847465e-01,1.846258e-01,1.845126e-01,1.843879e-01,1.842260e-01,1.839720e-01,1.834827e-01,1.825948e-01,1.818039e-01,1.813909e-01,1.811675e-01,1.810231e-01,1.809143e-01,1.808210e-01,1.807319e-01,1.806372e-01,1.805251e-01,1.803755e-01,1.801448e-01,1.797289e-01,1.789862e-01,1.781987e-01,1.777213e-01,1.774582e-01,1.772937e-01,1.771755e-01,1.770800e-01,1.769945e-01,1.769108e-01,1.768210e-01,1.767157e-01,1.765790e-01,1.763796e-01,1.760497e-01,1.754757e-01,1.747306e-01,1.741631e-01,1.738291e-01,1.736267e-01,1.734898e-01,1.733871e-01,1.733029e-01,1.732283e-01,1.731575e-01,1.730858e-01,1.730082e-01,1.729185e-01,1.728066e-01,1.726546e-01,1.724269e-01,1.720549e-01,1.714718e-01,1.708204e-01,1.703395e-01,1.700403e-01,1.698495e-01,1.697171e-01,1.696170e-01,1.695355e-01,1.694648e-01,1.693997e-01,1.693366e-01,1.692721e-01,1.692028e-01,1.691240e-01,1.690291e-01,1.689071e-01,1.687382e-01,1.684857e-01,1.680913e-01,1.675370e-01,1.669719e-01,0.000000e+00,6.105804e-21,2.652164e-20,6.503587e-20,1.265085e-19,2.172223e-19,3.453776e-19,5.217639e-19,7.607396e-19,1.081511e-18,1.509331e-18,2.074985e-18,2.814602e-18,3.776145e-18,5.025863e-18,6.657245e-18,8.801339e-18,1.164735e-17,1.547885e-17,2.073494e-17,2.811864e-17,3.880889e-17,5.489933e-17,8.038932e-17,1.236765e-16,2.046737e-16,3.768383e-16,7.681463e-16,1.505592e-15,2.782792e-15,5.030258e-15,9.141765e-15,1.730328e-14,3.573423e-14,8.671700e-14,2.903876e-13,2.132972e-12,1.956500e-10,1.435665e-09,2.326149e-10,2.690618e-10,1.128808e-09,1.999364e-08,5.283852e-08,3.152834e-09,6.041720e-10,2.819018e-10,2.444997e-10,3.549256e-10,9.135121e-10,5.084786e-09,5.982835e-08,2.424128e-08,3.238773e-09,2.065254e-09,5.457963e-09,4.829625e-08,4.003252e-08,4.356200e-09,1.080580e-09,5.359425e-10,4.488641e-10,6.004080e-10,1.319587e-09,5.501318e-09,4.400600e-08,3.848345e-08,5.417336e-09,1.526090e-09,9.199875e-10,1.055711e-09,2.235115e-09,9.270727e-09,5.373438e-08,3.224277e-08,5.438430e-09,1.490321e-09,6.874919e-10,4.774216e-10,4.697486e-10,6.421058e-10,1.244381e-09,3.673752e-09,1.762861e-08,5.606656e-08,1.993570e-08,4.279946e-09,1.441810e-09,7.638914e-10,5.905840e-10,6.373125e-10,9.463803e-10,1.971129e-09,6.067401e-09,2.599705e-08,5.133611e-08,1.782114e-08,4.480865e-09,1.571542e-09,7.785047e-10,5.134371e-10,4.324218e-10,4.543771e-10,5.910656e-10,9.602533e-10,2.006474e-09,5.648877e-09,2.065041e-08,4.820572e-08,2.588128e-08,7.444217e-09,2.516927e-09,1.144001e-09,6.772254e-10,5.025119e-10,4.552566e-10,4.960157e-10,6.467706e-10,1.015976e-09,1.962160e-09,4.804131e-09,1.475563e-08,3.997468e-08,3.836542e-08,1.463905e-08,4.907916e-09,1.998461e-09,1.019838e-09,6.347093e-10,4.689792e-10,4.035384e-10,3.993552e-10,4.515783e-10,5.830878e-10,8.650903e-10,1.496134e-09,3.083820e-09,7.694651e-09,2.145406e-08,4.230897e-08,3.254634e-08,1.335782e-08,5.063097e-09,2.224172e-09,1.169961e-09,7.251940e-10,5.191613e-10,4.224644e-10,3.863367e-10,3.940780e-10,4.466341e-10,5.623667e-10,7.899681e-10,1.249542e-09,2.257917e-09,4.731600e-09,1.137383e-08,2.715807e-08,4.137424e-08,2.935084e-08
46,1.366364e+09,0.799996,0.000000e+00,2.077818e-01,2.077816e-01,2.077815e-01,2.077813e-01,2.077811e-01,2.077809e-01,2.077807e-01,2.077805e-01,2.077803e-01,2.077801e-01,2.077799e-01,2.077796e-01,2.077794e-01,2.077791e-01,2.077788e-01,2.077785e-01,2.077782e-01,2.077779e-01,2.077775e-01,2.077772e-01,2.077768e-01,2.077763e-01,2.077758e-01,2.077752e-01,2.077746e-01,2.077737e-01,2.077727e-01,2.077716e-01,2.077704e-01,2.077691e-01,2.077676e-01,2.077658e-01,2.077636e-01,2.077607e-01,2.077565e-01,2.077482e-01,2.077083e-01,2.073506e-01,2.071675e-01,2.070555e-01,2.068964e-01,2.064304e-01,2.047721e-01,2.039826e-01,2.037390e-01,2.036049e-01,2.034981e-01,2.033869e-01,2.032366e-01,2.029396e-01,2.020905e-01,2.005569e-01,1.999821e-01,1.996905e-01,1.993679e-01,1.986330e-01,1.971805e-01,1.965125e-01,1.962491e-01,1.960921e-01,1.959663e-01,1.958385e-01,1.956743e-01,1.953922e-01,1.946874e-01,1.933795e-01,1.927025e-01,1.924136e-01,1.922310e-01,1.920679e-01,1.918694e-01,1.915324e-01,1.907477e-01,1.895950e-01,1.890047e-01,1.887370e-01,1.885769e-01,1.884567e-01,1.883483e-01,1.882335e-01,1.880897e-01,1.878704e-01,1.874433e-01,1.865327e-01,1.855970e-01,1.851350e-01,1.848990e-01,1.847465e-01,1.846258e-01,1.845125e-01,1.843879e-01,1.842260e-01,1.839720e-01,1.834826e-01,1.825947e-01,1.818039e-01,1.813909e-01,1.811675e-01,1.810231e-01,1.809143e-01,1.808210e-01,1.807319e-01,1.806372e-01,1.805251e-01,1.803755e-01,1.801448e-01,1.797288e-01,1.789861e-01,1.781986e-01,1.777213e-01,1.774581e-01,1.772937e-01,1.771755e-01,1.770800e-01,1.769945e-01,1.769108e-01,1.768210e-01,1.767157e-01,1.765790e-01,1.763796e-01,1.760497e-01,1.754756e-01,1.747305e-01,1.741631e-01,1.738291e-01,1.736266e-01,1.734898e-01,1.733871e-01,1.733029e-01,1.732283e-01,1.731575e-01,1.730858e-01,1.730082e-01,1.729185e-01,1.728066e-01,1.726546e-01,1.724269e-01,1.720548e-01,1.714717e-01,1.708204e-01,1.703394e-01,1.700403e-01,1.698495e-01,1.697171e-01,1.696170e-01,1.695355e-01,1.694648e-01,1.693997e-01,1.693366e-01,1.692721e-01,1.692028e-01,1.691240e-01,1.690291e-01,1.689071e-01,1.687382e-01,1.684856e-01,1.680912e-01,1.675370e-01,1.669718e-01,0.000000e+00,6.105804e-21,2.652164e-20,6.503587e-20,1.265085e-19,2.172223e-19,3.453776e-19,5.217639e-19,7.607396e-19,1.081511e-18,1.509331e-18,2.074986e-18,2.814604e-18,3.776145e-18,5.025868e-18,6.657254e-18,8.801356e-18,1.164738e-17,1.547891e-17,2.073502e-17,2.811878e-17,3.880913e-17,5.489976e-17,8.039012e-17,1.236781e-16,2.046771e-16,3.768468e-16,7.681663e-16,1.505628e-15,2.782855e-15,5.030370e-15,9.141974e-15,1.730370e-14,3.573521e-14,8.671984e-14,2.904004e-13,2.133135e-12,1.956859e-10,1.435575e-09,2.326119e-10,2.690660e-10,1.128844e-09,1.999458e-08,5.283771e-08,3.152761e-09,6.041661e-10,2.819018e-10,2.445013e-10,3.549298e-10,9.135301e-10,5.084886e-09,5.982917e-08,2.424075e-08,3.238752e-09,2.065288e-09,5.458192e-09,4.829868e-08,4.003066e-08,4.356021e-09,1.080557e-09,5.359388e-10,4.488660e-10,6.004161e-10,1.319617e-09,5.501513e-09,4.400749e-08,3.848231e-08,5.417243e-09,1.526086e-09,9.199972e-10,1.055738e-09,2.235210e-09,9.271302e-09,5.373666e-08,3.224134e-08,5.438196e-09,1.490283e-09,6.874835e-10,4.774202e-10,4.697509e-10,6.421134e-10,1.244405e-09,3.673854e-09,1.762925e-08,5.606623e-08,1.993496e-08,4.279828e-09,1.441786e-09,7.638858e-10,5.905844e-10,6.373182e-10,9.463968e-10,1.971183e-09,6.067642e-09,2.599813e-08,5.133517e-08,1.782027e-08,4.480690e-09,1.571500e-09,7.784916e-10,5.134330e-10,4.324216e-10,4.543800e-10,5.910732e-10,9.602722e-10,2.006527e-09,5.649062e-09,2.065110e-08,4.820606e-08,2.588062e-08,7.443975e-09,2.516863e-09,1.143983e-09,6.772200e-10,5.025117e-10,4.552597e-10,4.960224e-10,6.467836e-10,1.016003e-09,1.962227e-09,4.804333e-09,1.475632e-08,3.997575e-08,3.836486e-08,1.463865e-08,4.907801e-09,1.998430e-09,1.019829e-09,6.347076e-10,4.689806e-10,4.035417e-10,3.993605e-10,4.515865e-10,5.831015e-10,8.651157e-10,1.496189e-09,3.083958e-09,7.695060e-09,2.145516e-08,4.230968e-08,3.254550e-08,1.335729e-08,5.062915e-09,2.224111e-09,1.169939e-09,7.251852e-10,5.191584e-10,4.224644e-10,3.863388e-10,3.940820e-10,4.466411e-10,5.623786e-10,7.899893e-10,1.249584e-09,2.258010e-09,4.731838e-09,1.137446e-08,2.715926e-08,4.137427e-08,2.934972e-08
47,1.366359e+09,0.799995,0.000000e+00,2.077818e-01,2.077816e-01,2.077815e-01,2.077813e-01,2.077811e-01,2.077809e-01,2.077807e-01,2.077805e-01,2.077803e-01,2.077801e-01,2.077799e-01,2.077796e-01,2.077794e-01,2.077791e-01,2.077788e-01,2.077785e-01,2.077782e-01,2.077779e-01,2.077775e-01,2.077772e-01,2.077768e-01,2.077763e-01,2.077758e-01,2.077752e-01,2.077746e-01,2.077737e-01,2.077727e-01,2.077716e-01,2.077704e-01,2.077691e-01,2.077676e-01,2.077658e-01,2.077636e-01,2.077607e-01,2.077565e-01,2.077482e-01,2.077083e-01,2.073506e-01,2.071675e-01,2.070555e-01,2.068964e-01,2.064304e-01,2.047721e-01,2.039826e-01,2.037390e-01,2.036049e-01,2.034981e-01,2.033869e-01,2.032366e-01,2.029396e-01,2.020905e-01,2.005569e-01,1.999821e-01,1.996905e-01,1.993679e-01,1.986330e-01,1.971805e-01,1.965125e-01,1.962491e-01,1.960921e-01,1.959663e-01,1.958385e-01,1.956743e-01,1.953922e-01,1.946874e-01,1.933795e-01,1.927025e-01,1.924136e-01,1.922310e-01,1.920679e-01,1.918694e-01,1.915324e-01,1.907477e-01,1.895951e-01,1.890047e-01,1.887370e-01,1.885769e-01,1.884567e-01,1.883483e-01,1.882335e-01,1.880897e-01,1.878704e-01,1.874433e-01,1.865327e-01,1.855970e-01,1.851350e-01,1.848990e-01,1.847465e-01,1.846258e-01,1.845125e-01,1.843879e-01,1.842260e-01,1.839720e-01,1.834827e-01,1.825948e-01,1.818039e-01,1.813909e-01,1.811675e-01,1.810231e-01,1.809143e-01,1.808210e-01,1.807319e-01,1.806372e-01,1.805251e-01,1.803755e-01,1.801448e-01,1.797289e-01,1.789862e-01,1.781987e-01,1.777213e-01,1.774582e-01,1.772937e-01,1.771755e-01,1.770800e-01,1.769945e-01,1.769108e-01,1.768210e-01,1.767157e-01,1.765790e-01,1.763796e-01,1.760497e-01,1.754757e-01,1.747306e-01,1.741631e-01,1.738291e-01,1.736267e-01,1.734898e-01,1.733871e-01,1.733029e-01,1.732283e-01,1.731575e-01,1.730858e-01,1.730082e-01,1.729185e-01,1.728066e-01,1.726546e-01,1.724269e-01,1.720548e-01,1.714718e-01,1.708204e-01,1.703394e-01,1.700403e-01,1.698495e-01,1.697171e-01,1.696170e-01,1.695355e-01,1.694648e-01,1.693997e-01,1.693366e-01,1.692721e-01,1.692028e-01,1.691240e-01,1.690291e-01,1.689071e-01,1.687382e-01,1.684856e-01,1.680913e-01,1.675370e-01,1.669718e-01,0.000000e+00,6.105804e-21,2.652164e-20,6.503587e-20,1.265085e-19,2.172223e-19,3.453776e-19,5.217639e-19,7.607396e-19,1.081511e-18,1.509331e-18,2.074985e-18,2.814602e-18,3.776142e-18,5.025862e-18,6.657246e-18,8.801342e-18,1.164736e-17,1.547887e-17,2.073496e-17,2.811867e-17,3.880895e-17,5.489945e-17,8.038955e-17,1.236770e-16,2.046747e-16,3.768408e-16,7.681521e-16,1.505602e-15,2.782809e-15,5.030288e-15,9.141821e-15,1.730340e-14,3.573451e-14,8.671782e-14,2.903914e-13,2.133021e-12,1.956607e-10,1.435649e-09,2.326143e-10,2.690617e-10,1.128807e-09,1.999347e-08,5.283854e-08,3.152778e-09,6.041656e-10,2.819007e-10,2.445001e-10,3.549279e-10,9.135233e-10,5.084860e-09,5.982953e-08,2.424123e-08,3.238786e-09,2.065263e-09,5.457986e-09,4.829623e-08,4.003236e-08,4.356153e-09,1.080573e-09,5.359417e-10,4.488649e-10,6.004109e-10,1.319598e-09,5.501394e-09,4.400659e-08,3.848274e-08,5.417262e-09,1.526081e-09,9.199878e-10,1.055718e-09,2.235141e-09,9.270872e-09,5.373500e-08,3.224261e-08,5.438412e-09,1.490320e-09,6.874928e-10,4.774230e-10,4.697507e-10,6.421101e-10,1.244394e-09,3.673805e-09,1.762895e-08,5.606604e-08,1.993520e-08,4.279873e-09,1.441796e-09,7.638881e-10,5.905842e-10,6.373158e-10,9.463897e-10,1.971158e-09,6.067530e-09,2.599767e-08,5.133615e-08,1.782096e-08,4.480836e-09,1.571537e-09,7.785042e-10,5.134377e-10,4.324230e-10,4.543791e-10,5.910690e-10,9.602606e-10,2.006492e-09,5.648940e-09,2.065064e-08,4.820580e-08,2.588102e-08,7.444122e-09,2.516902e-09,1.143993e-09,6.772231e-10,5.025116e-10,4.552576e-10,4.960179e-10,6.467748e-10,1.015984e-09,1.962181e-09,4.804190e-09,1.475584e-08,3.997500e-08,3.836532e-08,1.463893e-08,4.907879e-09,1.998451e-09,1.019836e-09,6.347094e-10,4.689804e-10,4.035403e-10,3.993581e-10,4.515826e-10,5.830949e-10,8.651031e-10,1.496162e-09,3.083888e-09,7.694854e-09,2.145462e-08,4.230946e-08,3.254612e-08,1.335764e-08,5.063035e-09,2.224152e-09,1.169954e-09,7.251914e-10,5.191604e-10,4.224643e-10,3.863372e-10,3.940789e-10,4.466358e-10,5.623697e-10,7.899737e-10,1.249553e-09,2.257945e-09,4.731675e-09,1.137403e-08,2.715844e-08,4.137408e-08,2.935028e-08
48,1.366350e+09,0.799991,0.000000e+00,2.077818e-01,2.077816e-01,2.077815e-01,2.077813e-01,2.077811e-01,2.077809e-01,2.077807e-01,2.077805e-01,2.077803e-01,2.077801e-01,2.077799e-01,2.077796e-01,2.077794e-01,2.077791e-01,2.077788e-01,2.077785e-01,2.077782e-01,2.077779e-01,2.077775e-01,2.077772e-01,2.077768e-01,2.077763e-01,2.077758e-01,2.077752e-01,2.077746e-01,2.077737e-01,2.077727e-01,2.077716e-01,2.077704e-01,2.077691e-01,2.077676e-01,2.077658e-01,2.077636e-01,2.077607e-01,2.077565e-01,2.077482e-01,2.077083e-01,2.073506e-01,2.071675e-01,2.070555e-01,2.068964e-01,2.064305e-01,2.047723e-01,2.039827e-01,2.037390e-01,2.036050e-01,2.034981e-01,2.033869e-01,2.032367e-01,2.029397e-01,2.020907e-01,2.005570e-01,1.999821e-01,1.996905e-01,1.993680e-01,1.986332e-01,1.971807e-01,1.965125e-01,1.962492e-01,1.960922e-01,1.959663e-01,1.958385e-01,1.956743e-01,1.953923e-01,1.946876e-01,1.933797e-01,1.927025e-01,1.924136e-01,1.922310e-01,1.920680e-01,1.918694e-01,1.915325e-01,1.907479e-01,1.895952e-01,1.890048e-01,1.887370e-01,1.885770e-01,1.884567e-01,1.883483e-01,1.882335e-01,1.880897e-01,1.878705e-01,1.874434e-01,1.865329e-01,1.855971e-01,1.851350e-01,1.848991e-01,1.847465e-01,1.846259e-01,1.845126e-01,1.843879e-01,1.842261e-01,1.839720e-01,1.834828e-01,1.825950e-01,1.818041e-01,1.813910e-01,1.811675e-01,1.810232e-01,1.809143e-01,1.808211e-01,1.807319e-01,1.806372e-01,1.805252e-01,1.803756e-01,1.801449e-01,1.797290e-01,1.789864e-01,1.781988e-01,1.777214e-01,1.774582e-01,1.772937e-01,1.771756e-01,1.770800e-01,1.769946e-01,1.769108e-01,1.768211e-01,1.767157e-01,1.765790e-01,1.763797e-01,1.760498e-01,1.754758e-01,1.747307e-01,1.741632e-01,1.738292e-01,1.736267e-01,1.734898e-01,1.733871e-01,1.733029e-01,1.732283e-01,1.731575e-01,1.730858e-01,1.730083e-01,1.729186e-01,1.728067e-01,1.726546e-01,1.724269e-01,1.720550e-01,1.714720e-01,1.708206e-01,1.703396e-01,1.700404e-01,1.698496e-01,1.697171e-01,1.696170e-01,1.695355e-01,1.694648e-01,1.693998e-01,1.693367e-01,1.692722e-01,1.692028e-01,1.691240e-01,1.690291e-01,1.689071e-01,1.687383e-01,1.684857e-01,1.680914e-01,1.675372e-01,1.669720e-01,0.000000e+00,6.105804e-21,2.652164e-20,6.503587e-20,1.265085e-19,2.172223e-19,3.453776e-19,5.217639e-19,7.607396e-19,1.081511e-18,1.509332e-18,2.074986e-18,2.814605e-18,3.776146e-18,5.025863e-18,6.657245e-18,8.801335e-18,1.164733e-17,1.547882e-17,2.073486e-17,2.811846e-17,3.880857e-17,5.489873e-17,8.038817e-17,1.236741e-16,2.046682e-16,3.768244e-16,7.681126e-16,1.505529e-15,2.782678e-15,5.030050e-15,9.141367e-15,1.730244e-14,3.573215e-14,8.671040e-14,2.903550e-13,2.132522e-12,1.955447e-10,1.436009e-09,2.326281e-10,2.690424e-10,1.128610e-09,1.998755e-08,5.285018e-08,3.153443e-09,6.042294e-10,2.819104e-10,2.444949e-10,3.549012e-10,9.133808e-10,5.083753e-09,5.981399e-08,2.424762e-08,3.239141e-09,2.065180e-09,5.457008e-09,4.828553e-08,4.004248e-08,4.357124e-09,1.080705e-09,5.359677e-10,4.488583e-10,6.003642e-10,1.319397e-09,5.499974e-09,4.399512e-08,3.849266e-08,5.418546e-09,1.526263e-09,9.200070e-10,1.055647e-09,2.234782e-09,9.268400e-09,5.372602e-08,3.225122e-08,5.439697e-09,1.490541e-09,6.875479e-10,4.774342e-10,4.697371e-10,6.420562e-10,1.244210e-09,3.672957e-09,1.762361e-08,5.606680e-08,1.994131e-08,4.280932e-09,1.442020e-09,7.639478e-10,5.905904e-10,6.372820e-10,9.462775e-10,1.970779e-09,6.065842e-09,2.598992e-08,5.133944e-08,1.782607e-08,4.481925e-09,1.571801e-09,7.785850e-10,5.134635e-10,4.324240e-10,4.543594e-10,5.910163e-10,9.601262e-10,2.006090e-09,5.647402e-09,2.064448e-08,4.820443e-08,2.588774e-08,7.446179e-09,2.517435e-09,1.144160e-09,6.772837e-10,5.025317e-10,4.552552e-10,4.959939e-10,6.467153e-10,1.015842e-09,1.961798e-09,4.802957e-09,1.475145e-08,3.996888e-08,3.837180e-08,1.464327e-08,4.909193e-09,1.998865e-09,1.019989e-09,6.347734e-10,4.690071e-10,4.035471e-10,3.993496e-10,4.515562e-10,5.830380e-10,8.649824e-10,1.495882e-09,3.083140e-09,7.692581e-09,2.144839e-08,4.230635e-08,3.255266e-08,1.336149e-08,5.064368e-09,2.224620e-09,1.170140e-09,7.252734e-10,5.191982e-10,4.224794e-10,3.863378e-10,3.940663e-10,4.466067e-10,5.623140e-10,7.898661e-10,1.249331e-09,2.257438e-09,4.730379e-09,1.137055e-08,2.715173e-08,4.137364e-08,2.935660e-08
49,1.366356e+09,0.799994,0.000000e+00,2.077818e-01,2.077816e-01,2.077815e-01,2.077813e-01,2.077811e-01,2.077809e-01,2.077807e-01,2.077805e-01,2.077803e-01,2.077801e-01,2.077799e-01,2.077796e-01,2.077794e-01,2.077791e-01,2.077788e-01,2.077785e-01,2.077782e-01,2.077779e-01,2.077775e-01,2.077772e-01,2.077768e-01,2.077763e-01,2.077758e-01,2.077752e-01,2.077746e-01,2.077737e-01,2.077727e-01,2.077716e-01,2.077704e-01,2.077691e-01,2.077676e-01,2.077658e-01,2.077636e-01,2.077607e-01,2.077565e-01,2.077482e-01,2.077083e-01,2.073506e-01,2.071675e-01,2.070555e-01,2.068964e-01,2.064304e-01,2.047722e-01,2.039826e-01,2.037390e-01,2.036049e-01,2.034981e-01,2.033869e-01,2.032366e-01,2.029396e-01,2.020905e-01,2.005569e-01,1.999821e-01,1.996905e-01,1.993680e-01,1.986331e-01,1.971806e-01,1.965125e-01,1.962491e-01,1.960921e-01,1.959663e-01,1.958385e-01,1.956743e-01,1.953923e-01,1.946875e-01,1.933796e-01,1.927025e-01,1.924136e-01,1.922310e-01,1.920679e-01,1.918694e-01,1.915324e-01,1.907478e-01,1.895951e-01,1.890048e-01,1.887370e-01,1.885770e-01,1.884567e-01,1.883483e-01,1.882335e-01,1.880897e-01,1.878704e-01,1.874433e-01,1.865328e-01,1.855970e-01,1.851350e-01,1.848990e-01,1.847465e-01,1.846258e-01,1.845126e-01,1.843879e-01,1.842261e-01,1.839720e-01,1.834827e-01,1.825948e-01,1.818040e-01,1.813909e-01,1.811675e-01,1.810232e-01,1.809143e-01,1.808210e-01,1.807319e-01,1.806372e-01,1.805251e-01,1.803755e-01,1.801448e-01,1.797289e-01,1.789862e-01,1.781987e-01,1.777213e-01,1.774582e-01,1.772937e-01,1.771755e-01,1.770800e-01,1.769945e-01,1.769108e-01,1.768210e-01,1.767157e-01,1.765790e-01,1.763797e-01,1.760497e-01,1.754757e-01,1.747306e-01,1.741631e-01,1.738291e-01,1.736267e-01,1.734898e-01,1.733871e-01,1.733029e-01,1.732283e-01,1.731575e-01,1.730858e-01,1.730082e-01,1.729185e-01,1.728066e-01,1.726546e-01,1.724269e-01,1.720549e-01,1.714718e-01,1.708204e-01,1.703395e-01,1.700403e-01,1.698495e-01,1.697171e-01,1.696170e-01,1.695355e-01,1.694648e-01,1.693998e-01,1.693366e-01,1.692722e-01,1.692028e-01,1.691240e-01,1.690291e-01,1.689071e-01,1.687382e-01,1.684857e-01,1.680913e-01,1.675371e-01,1.669719e-01,0.000000e+00,6.105804e-21,2.652164e-20,6.503587e-20,1.265085e-19,2.172223e-19,3.453776e-19,5.217639e-19,7.607396e-19,1.081511e-18,1.509332e-18,2.074985e-18,2.814604e-18,3.776145e-18,5.025864e-18,6.657243e-18,8.801333e-18,1.164734e-17,1.547884e-17,2.073490e-17,2.811857e-17,3.880879e-17,5.489917e-17,8.038908e-17,1.236760e-16,2.046725e-16,3.768356e-16,7.681400e-16,1.505581e-15,2.782772e-15,5.030220e-15,9.141690e-15,1.730311e-14,3.573378e-14,8.671543e-14,2.903794e-13,2.132849e-12,1.956198e-10,1.435785e-09,2.326205e-10,2.690565e-10,1.128746e-09,1.999148e-08,5.284247e-08,3.152994e-09,6.041873e-10,2.819046e-10,2.444995e-10,3.549214e-10,9.134841e-10,5.084555e-09,5.982525e-08,2.424327e-08,3.238905e-09,2.065232e-09,5.457632e-09,4.829234e-08,4.003556e-08,4.356474e-09,1.080617e-09,5.359505e-10,4.488632e-10,6.003964e-10,1.319534e-09,5.500919e-09,4.400269e-08,3.848657e-08,5.417718e-09,1.526149e-09,9.199982e-10,1.055699e-09,2.235035e-09,9.270153e-09,5.373248e-08,3.224539e-08,5.438875e-09,1.490402e-09,6.875143e-10,4.774280e-10,4.697466e-10,6.420918e-10,1.244330e-09,3.673512e-09,1.762708e-08,5.606640e-08,1.993731e-08,4.280229e-09,1.441869e-09,7.639063e-10,5.905841e-10,6.373011e-10,9.463455e-10,1.971015e-09,6.066909e-09,2.599482e-08,5.133679e-08,1.782251e-08,4.481162e-09,1.571614e-09,7.785270e-10,5.134443e-10,4.324222e-10,4.543718e-10,5.910511e-10,9.602161e-10,2.006363e-09,5.648452e-09,2.064872e-08,4.820525e-08,2.588311e-08,7.444799e-09,2.517080e-09,1.144050e-09,6.772437e-10,5.025184e-10,4.552568e-10,4.960099e-10,6.467549e-10,1.015936e-09,1.962051e-09,4.803767e-09,1.475432e-08,3.997296e-08,3.836789e-08,1.464054e-08,4.908360e-09,1.998602e-09,1.019892e-09,6.347332e-10,4.689903e-10,4.035430e-10,3.993551e-10,4.515730e-10,5.830743e-10,8.650596e-10,1.496062e-09,3.083623e-09,7.694058e-09,2.145245e-08,4.230817e-08,3.254804e-08,1.335887e-08,5.063469e-09,2.224305e-09,1.170014e-09,7.252174e-10,5.191722e-10,4.224688e-10,3.863370e-10,3.940744e-10,4.466258e-10,5.623507e-10,7.899373e-10,1.249478e-09,2.257772e-09,4.731228e-09,1.137283e-08,2.715613e-08,4.137405e-08,2.935257e-08
50,1.366365e+09,0.799993,0.000000e+00,2.077818e-01,2.077816e-01,2.077815e-01,2.077813e-01,2.077811e-01,2.077809e-01,2.077807e-01,2.077805e-01,2.077803e-01,2.077801e-01,2.077799e-01,2.077796e-01,2.077794e-01,2.077791e-01,2.077788e-01,2.077785e-01,2.077782e-01,2.077779e-01,2.077775e-01,2.077772e-01,2.077768e-01,2.077763e-01,2.077758e-01,2.077752e-01,2.077746e-01,2.077737e-01,2.077727e-01,2.077716e-01,2.077704e-01,2.077691e-01,2.077676e-01,2.077658e-01,2.077636e-01,2.077607e-01,2.077565e-01,2.077482e-01,2.077083e-01,2.073506e-01,2.071675e-01,2.070555e-01,2.068964e-01,2.064305e-01,2.047723e-01,2.039827e-01,2.037390e-01,2.036050e-01,2.034981e-01,2.033869e-01,2.032367e-01,2.029397e-01,2.020907e-01,2.005570e-01,1.999821e-01,1.996905e-01,1.993680e-01,1.986332e-01,1.971807e-01,1.965125e-01,1.962492e-01,1.960922e-01,1.959663e-01,1.958385e-01,1.956743e-01,1.953923e-01,1.946876e-01,1.933797e-01,1.927025e-01,1.924136e-01,1.922310e-01,1.920680e-01,1.918694e-01,1.915325e-01,1.907479e-01,1.895952e-01,1.890048e-01,1.887370e-01,1.885770e-01,1.884567e-01,1.883483e-01,1.882335e-01,1.880897e-01,1.878705e-01,1.874434e-01,1.865330e-01,1.855971e-01,1.851350e-01,1.848991e-01,1.847465e-01,1.846259e-01,1.845126e-01,1.843879e-01,1.842261e-01,1.839720e-01,1.834828e-01,1.825950e-01,1.818041e-01,1.813910e-01,1.811675e-01,1.810232e-01,1.809143e-01,1.808211e-01,1.807319e-01,1.806372e-01,1.805252e-01,1.803756e-01,1.801449e-01,1.797290e-01,1.789864e-01,1.781988e-01,1.777214e-01,1.774582e-01,1.772937e-01,1.771756e-01,1.770800e-01,1.769946e-01,1.769108e-01,1.768211e-01,1.767157e-01,1.765790e-01,1.763797e-01,1.760498e-01,1.754759e-01,1.747308e-01,1.741632e-01,1.738292e-01,1.736267e-01,1.734898e-01,1.733871e-01,1.733029e-01,1.732283e-01,1.731575e-01,1.730858e-01,1.730083e-01,1.729186e-01,1.728067e-01,1.726546e-01,1.724270e-01,1.720550e-01,1.714720e-01,1.708206e-01,1.703396e-01,1.700404e-01,1.698496e-01,1.697171e-01,1.696170e-01,1.695355e-01,1.694648e-01,1.693998e-01,1.693367e-01,1.692722e-01,1.692028e-01,1.691240e-01,1.690291e-01,1.689071e-01,1.687383e-01,1.684858e-01,1.680914e-01,1.675373e-01,1.669720e-01,0.000000e+00,6.105804e-21,2.652164e-20,6.503587e-20,1.265085e-19,2.172223e-19,3.453776e-19,5.217639e-19,7.607396e-19,1.081511e-18,1.509332e-18,2.074986e-18,2.814604e-18,3.776146e-18,5.025867e-18,6.657248e-18,8.801339e-18,1.164736e-17,1.547885e-17,2.073493e-17,2.811861e-17,3.880884e-17,5.489924e-17,8.038915e-17,1.236761e-16,2.046724e-16,3.768349e-16,7.681372e-16,1.505574e-15,2.782755e-15,5.030178e-15,9.141583e-15,1.730283e-14,3.573290e-14,8.671201e-14,2.903593e-13,2.132535e-12,1.955398e-10,1.436050e-09,2.326326e-10,2.690439e-10,1.128596e-09,1.998656e-08,5.285344e-08,3.153589e-09,6.042480e-10,2.819163e-10,2.444978e-10,3.549018e-10,9.133674e-10,5.083626e-09,5.981206e-08,2.424958e-08,3.239309e-09,2.065204e-09,5.456886e-09,4.828330e-08,4.004394e-08,4.357226e-09,1.080720e-09,5.359705e-10,4.488564e-10,6.003540e-10,1.319349e-09,5.499594e-09,4.399174e-08,3.849559e-08,5.418913e-09,1.526323e-09,9.200241e-10,1.055650e-09,2.234758e-09,9.268185e-09,5.372509e-08,3.225209e-08,5.439896e-09,1.490580e-09,6.875586e-10,4.774373e-10,4.697357e-10,6.420472e-10,1.244175e-09,3.672786e-09,1.762248e-08,5.606633e-08,1.994260e-08,4.281192e-09,1.442082e-09,7.639695e-10,5.906002e-10,6.372864e-10,9.462761e-10,1.970757e-09,6.065712e-09,2.598926e-08,5.133981e-08,1.782679e-08,4.482108e-09,1.571852e-09,7.786043e-10,5.134730e-10,4.324295e-10,4.543627e-10,5.910167e-10,9.601195e-10,2.006056e-09,5.647242e-09,2.064380e-08,4.820474e-08,2.588924e-08,7.446683e-09,2.517578e-09,1.144211e-09,6.773060e-10,5.025431e-10,4.552614e-10,4.959962e-10,6.467127e-10,1.015828e-09,1.961750e-09,4.802775e-09,1.475073e-08,3.996782e-08,3.837310e-08,1.464403e-08,4.909423e-09,1.998941e-09,1.020019e-09,6.347872e-10,4.690140e-10,4.035505e-10,3.993505e-10,4.515542e-10,5.830314e-10,8.649664e-10,1.495842e-09,3.083028e-09,7.692224e-09,2.144737e-08,4.230563e-08,3.255355e-08,1.336210e-08,5.064589e-09,2.224703e-09,1.170175e-09,7.252902e-10,5.192073e-10,4.224848e-10,3.863410e-10,3.940680e-10,4.466066e-10,5.623115e-10,7.898588e-10,1.249314e-09,2.257393e-09,4.730249e-09,1.137017e-08,2.715096e-08,4.137355e-08,2.935741e-08
51,1.366377e+09,0.799995,0.000000e+00,2.077818e-01,2.077816e-01,2.077815e-01,2.077813e-01,2.077811e-01,2.077809e-01,2.077807e-01,2.077805e-01,2.077803e-01,2.077801e-01,2.077799e-01,2.077796e-01,2.077794e-01,2.077791e-01,2.077788e-01,2.077785e-01,2.077782e-01,2.077779e-01,2.077775e-01,2.077772e-01,2.077768e-01,2.077763e-01,2.077758e-01,2.077752e-01,2.077746e-01,2.077737e-01,2.077727e-01,2.077716e-01,2.077704e-01,2.077691e-01,2.077676e-01,2.077658e-01,2.077636e-01,2.077607e-01,2.077565e-01,2.077482e-01,2.077083e-01,2.073506e-01,2.071675e-01,2.070555e-01,2.068964e-01,2.064305e-01,2.047723e-01,2.039827e-01,2.037390e-01,2.036050e-01,2.034981e-01,2.033869e-01,2.032367e-01,2.029397e-01,2.020907e-01,2.005571e-01,1.999822e-01,1.996905e-01,1.993680e-01,1.986332e-01,1.971807e-01,1.965125e-01,1.962492e-01,1.960922e-01,1.959663e-01,1.958385e-01,1.956743e-01,1.953923e-01,1.946877e-01,1.933797e-01,1.927026e-01,1.924137e-01,1.922310e-01,1.920680e-01,1.918694e-01,1.915325e-01,1.907479e-01,1.895953e-01,1.890048e-01,1.887370e-01,1.885770e-01,1.884567e-01,1.883483e-01,1.882335e-01,1.880897e-01,1.878705e-01,1.874434e-01,1.865330e-01,1.855972e-01,1.851351e-01,1.848991e-01,1.847465e-01,1.846259e-01,1.845126e-01,1.843879e-01,1.842261e-01,1.839721e-01,1.834828e-01,1.825950e-01,1.818041e-01,1.813910e-01,1.811675e-01,1.810232e-01,1.809143e-01,1.808211e-01,1.807319e-01,1.806372e-01,1.805252e-01,1.803756e-01,1.801449e-01,1.797290e-01,1.789865e-01,1.781989e-01,1.777214e-01,1.774582e-01,1.772937e-01,1.771756e-01,1.770800e-01,1.769946e-01,1.769108e-01,1.768211e-01,1.767158e-01,1.765790e-01,1.763797e-01,1.760498e-01,1.754759e-01,1.747308e-01,1.741633e-01,1.738292e-01,1.736267e-01,1.734898e-01,1.733871e-01,1.733029e-01,1.732283e-01,1.731575e-01,1.730858e-01,1.730083e-01,1.729186e-01,1.728067e-01,1.726547e-01,1.724270e-01,1.720550e-01,1.714720e-01,1.708206e-01,1.703396e-01,1.700404e-01,1.698496e-01,1.697171e-01,1.696170e-01,1.695355e-01,1.694648e-01,1.693998e-01,1.693367e-01,1.692722e-01,1.692028e-01,1.691240e-01,1.690291e-01,1.689072e-01,1.687383e-01,1.684858e-01,1.680915e-01,1.675373e-01,1.669721e-01,0.000000e+00,6.105804e-21,2.652164e-20,6.503587e-20,1.265085e-19,2.172223e-19,3.453776e-19,5.217639e-19,7.607396e-19,1.081511e-18,1.509331e-18,2.074984e-18,2.814601e-18,3.776143e-18,5.025863e-18,6.657246e-18,8.801340e-18,1.164736e-17,1.547887e-17,2.073496e-17,2.811866e-17,3.880891e-17,5.489939e-17,8.038946e-17,1.236769e-16,2.046746e-16,3.768406e-16,7.681507e-16,1.505595e-15,2.782787e-15,5.030226e-15,9.141656e-15,1.730294e-14,3.573311e-14,8.671238e-14,2.903594e-13,2.132513e-12,1.955293e-10,1.436089e-09,2.326330e-10,2.690370e-10,1.128533e-09,1.998477e-08,5.285602e-08,3.153763e-09,6.042648e-10,2.819194e-10,2.444975e-10,3.548967e-10,9.133333e-10,5.083328e-09,5.980775e-08,2.425208e-08,3.239501e-09,2.065219e-09,5.456689e-09,4.828055e-08,4.004614e-08,4.357447e-09,1.080753e-09,5.359786e-10,4.488572e-10,6.003468e-10,1.319311e-09,5.499314e-09,4.398949e-08,3.849748e-08,5.419229e-09,1.526373e-09,9.200325e-10,1.055636e-09,2.234673e-09,9.267537e-09,5.372238e-08,3.225442e-08,5.440251e-09,1.490642e-09,6.875751e-10,4.774411e-10,4.697322e-10,6.420320e-10,1.244121e-09,3.672540e-09,1.762094e-08,5.606573e-08,1.994421e-08,4.281501e-09,1.442152e-09,7.639908e-10,5.906068e-10,6.372844e-10,9.462596e-10,1.970691e-09,6.065405e-09,2.598775e-08,5.134028e-08,1.782780e-08,4.482338e-09,1.571910e-09,7.786212e-10,5.134773e-10,4.324275e-10,4.543546e-10,5.909976e-10,9.600721e-10,2.005916e-09,5.646712e-09,2.064159e-08,4.820363e-08,2.589097e-08,7.447210e-09,2.517710e-09,1.144251e-09,6.773201e-10,5.025475e-10,4.552602e-10,4.959895e-10,6.466967e-10,1.015790e-09,1.961647e-09,4.802435e-09,1.474950e-08,3.996589e-08,3.837459e-08,1.464512e-08,4.909757e-09,1.999047e-09,1.020059e-09,6.348048e-10,4.690224e-10,4.035541e-10,3.993507e-10,4.515507e-10,5.830215e-10,8.649423e-10,1.495781e-09,3.082856e-09,7.691671e-09,2.144584e-08,4.230512e-08,3.255570e-08,1.336333e-08,5.065022e-09,2.224861e-09,1.170241e-09,7.253212e-10,5.192236e-10,4.224935e-10,3.863451e-10,3.940685e-10,4.466031e-10,5.623019e-10,7.898375e-10,1.249266e-09,2.257277e-09,4.729941e-09,1.136931e-08,2.714922e-08,4.137326e-08,2.935889e-08
52,1.366630e+09,0.800035,0.000000e+00,2.077818e-01,2.077816e-01,2.077815e-01,2.077813e-01,2.077811e-01,2.077809e-01,2.077807e-01,2.077805e-01,2.077803e-01,2.077801e-01,2.077799e-01,2.077796e-01,2.077794e-01,2.077791e-01,2.077788e-01,2.077785e-01,2.077782e-01,2.077779e-01,2.077775e-01,2.077772e-01,2.077768e-01,2.077763e-01,2.077758e-01,2.077752e-01,2.077746e-01,2.077737e-01,2.077727e-01,2.077716e-01,2.077704e-01,2.077691e-01,2.077676e-01,2.077658e-01,2.077636e-01,2.077607e-01,2.077565e-01,2.077482e-01,2.077083e-01,2.073506e-01,2.071675e-01,2.070555e-01,2.068964e-01,2.064307e-01,2.047728e-01,2.039828e-01,2.037391e-01,2.036050e-01,2.034982e-01,2.033869e-01,2.032367e-01,2.029399e-01,2.020916e-01,2.005576e-01,1.999823e-01,1.996906e-01,1.993681e-01,1.986335e-01,1.971810e-01,1.965127e-01,1.962492e-01,1.960922e-01,1.959664e-01,1.958386e-01,1.956744e-01,1.953926e-01,1.946885e-01,1.933806e-01,1.927029e-01,1.924138e-01,1.922311e-01,1.920680e-01,1.918695e-01,1.915326e-01,1.907483e-01,1.895956e-01,1.890050e-01,1.887371e-01,1.885770e-01,1.884567e-01,1.883484e-01,1.882336e-01,1.880898e-01,1.878707e-01,1.874440e-01,1.865340e-01,1.855978e-01,1.851353e-01,1.848992e-01,1.847466e-01,1.846259e-01,1.845126e-01,1.843880e-01,1.842262e-01,1.839722e-01,1.834832e-01,1.825956e-01,1.818045e-01,1.813912e-01,1.811676e-01,1.810233e-01,1.809143e-01,1.808211e-01,1.807320e-01,1.806373e-01,1.805253e-01,1.803757e-01,1.801452e-01,1.797296e-01,1.789873e-01,1.781995e-01,1.777218e-01,1.774584e-01,1.772939e-01,1.771757e-01,1.770801e-01,1.769946e-01,1.769108e-01,1.768211e-01,1.767158e-01,1.765791e-01,1.763799e-01,1.760502e-01,1.754765e-01,1.747314e-01,1.741636e-01,1.738294e-01,1.736268e-01,1.734899e-01,1.733872e-01,1.733029e-01,1.732283e-01,1.731575e-01,1.730858e-01,1.730083e-01,1.729186e-01,1.728068e-01,1.726548e-01,1.724273e-01,1.720556e-01,1.714728e-01,1.708213e-01,1.703401e-01,1.700407e-01,1.698497e-01,1.697172e-01,1.696171e-01,1.695356e-01,1.694649e-01,1.693998e-01,1.693367e-01,1.692722e-01,1.692028e-01,1.691241e-01,1.690292e-01,1.689073e-01,1.687385e-01,1.684861e-01,1.680920e-01,1.675380e-01,1.669727e-01,0.000000e+00,6.105804e-21,2.652164e-20,6.503587e-20,1.265085e-19,2.172223e-19,3.453776e-19,5.217639e-19,7.607400e-19,1.081509e-18,1.509329e-18,2.074984e-18,2.814609e-18,3.776166e-18,5.025920e-18,6.657362e-18,8.801570e-18,1.164778e-17,1.547962e-17,2.073629e-17,2.812102e-17,3.881312e-17,5.490707e-17,8.040412e-17,1.237065e-16,2.047410e-16,3.770073e-16,7.685366e-16,1.506254e-15,2.783877e-15,5.032015e-15,9.144677e-15,1.730844e-14,3.574424e-14,8.673904e-14,2.904492e-13,2.133212e-12,1.955916e-10,1.436129e-09,2.326415e-10,2.690016e-10,1.128046e-09,1.996531e-08,5.290045e-08,3.156409e-09,6.045648e-10,2.819880e-10,2.445017e-10,3.548131e-10,9.127404e-10,5.078069e-09,5.973020e-08,2.429128e-08,3.242493e-09,2.065738e-09,5.455425e-09,4.825721e-08,4.007067e-08,4.360079e-09,1.081156e-09,5.360650e-10,4.488261e-10,6.001325e-10,1.318303e-09,5.491666e-09,4.392383e-08,3.855618e-08,5.427221e-09,1.527699e-09,9.204215e-10,1.055731e-09,2.234223e-09,9.262774e-09,5.370146e-08,3.227585e-08,5.444000e-09,1.491355e-09,6.877685e-10,4.774834e-10,4.696764e-10,6.417966e-10,1.243263e-09,3.668348e-09,1.759333e-08,5.606355e-08,1.997494e-08,4.287156e-09,1.443445e-09,7.644150e-10,5.907735e-10,6.373136e-10,9.460886e-10,1.969849e-09,6.060999e-09,2.596557e-08,5.135141e-08,1.784504e-08,4.486259e-09,1.572927e-09,7.789648e-10,5.136096e-10,4.324633e-10,4.543108e-10,5.908250e-10,9.595706e-10,2.004291e-09,5.640145e-09,2.061420e-08,4.819630e-08,2.592261e-08,7.457313e-09,2.520438e-09,1.145167e-09,6.776992e-10,5.027269e-10,4.553414e-10,4.959951e-10,6.465972e-10,1.015452e-09,1.960584e-09,4.798644e-09,1.473502e-08,3.994423e-08,3.839738e-08,1.466062e-08,4.914596e-09,2.000635e-09,1.020680e-09,6.350862e-10,4.691601e-10,4.036160e-10,3.993571e-10,4.514944e-10,5.828610e-10,8.645569e-10,1.494814e-09,3.080124e-09,7.682907e-09,2.142088e-08,4.229179e-08,3.258318e-08,1.338011e-08,5.070986e-09,2.227032e-09,1.171149e-09,7.257548e-10,5.194523e-10,4.226200e-10,3.864103e-10,3.940857e-10,4.465673e-10,5.621843e-10,7.895620e-10,1.248633e-09,2.255716e-09,4.725700e-09,1.135726e-08,2.712484e-08,4.137114e-08,2.938263e-08
53,1.366392e+09,0.799997,0.000000e+00,2.077818e-01,2.077816e-01,2.077815e-01,2.077813e-01,2.077811e-01,2.077809e-01,2.077807e-01,2.077805e-01,2.077803e-01,2.077801e-01,2.077799e-01,2.077796e-01,2.077794e-01,2.077791e-01,2.077788e-01,2.077785e-01,2.077782e-01,2.077779e-01,2.077775e-01,2.077772e-01,2.077768e-01,2.077763e-01,2.077758e-01,2.077752e-01,2.077746e-01,2.077737e-01,2.077727e-01,2.077716e-01,2.077704e-01,2.077691e-01,2.077676e-01,2.077658e-01,2.077636e-01,2.077607e-01,2.077565e-01,2.077482e-01,2.077083e-01,2.073506e-01,2.071675e-01,2.070555e-01,2.068964e-01,2.064305e-01,2.047724e-01,2.039827e-01,2.037390e-01,2.036050e-01,2.034981e-01,2.033869e-01,2.032367e-01,2.029397e-01,2.020908e-01,2.005571e-01,1.999822e-01,1.996905e-01,1.993680e-01,1.986333e-01,1.971807e-01,1.965126e-01,1.962492e-01,1.960922e-01,1.959663e-01,1.958385e-01,1.956743e-01,1.953923e-01,1.946877e-01,1.933798e-01,1.927026e-01,1.924137e-01,1.922310e-01,1.920680e-01,1.918694e-01,1.915325e-01,1.907480e-01,1.895953e-01,1.890048e-01,1.887370e-01,1.885770e-01,1.884567e-01,1.883483e-01,1.882335e-01,1.880897e-01,1.878705e-01,1.874435e-01,1.865331e-01,1.855972e-01,1.851351e-01,1.848991e-01,1.847466e-01,1.846259e-01,1.845126e-01,1.843879e-01,1.842261e-01,1.839721e-01,1.834829e-01,1.825951e-01,1.818041e-01,1.813910e-01,1.811675e-01,1.810232e-01,1.809143e-01,1.808211e-01,1.807319e-01,1.806372e-01,1.805252e-01,1.803756e-01,1.801449e-01,1.797291e-01,1.789865e-01,1.781989e-01,1.777214e-01,1.774582e-01,1.772938e-01,1.771756e-01,1.770800e-01,1.769946e-01,1.769108e-01,1.768211e-01,1.767158e-01,1.765791e-01,1.763797e-01,1.760498e-01,1.754760e-01,1.747309e-01,1.741633e-01,1.738292e-01,1.736267e-01,1.734898e-01,1.733871e-01,1.733029e-01,1.732283e-01,1.731575e-01,1.730858e-01,1.730083e-01,1.729186e-01,1.728067e-01,1.726547e-01,1.724270e-01,1.720551e-01,1.714721e-01,1.708207e-01,1.703396e-01,1.700404e-01,1.698496e-01,1.697171e-01,1.696170e-01,1.695355e-01,1.694648e-01,1.693998e-01,1.693367e-01,1.692722e-01,1.692028e-01,1.691240e-01,1.690291e-01,1.689072e-01,1.687383e-01,1.684858e-01,1.680915e-01,1.675373e-01,1.669721e-01,0.000000e+00,6.105804e-21,2.652164e-20,6.503587e-20,1.265085e-19,2.172223e-19,3.453776e-19,5.217639e-19,7.607397e-19,1.081510e-18,1.509331e-18,2.074984e-18,2.814603e-18,3.776142e-18,5.025865e-18,6.657255e-18,8.801358e-18,1.164739e-17,1.547892e-17,2.073504e-17,2.811880e-17,3.880918e-17,5.489986e-17,8.039035e-17,1.236785e-16,2.046781e-16,3.768493e-16,7.681710e-16,1.505629e-15,2.782841e-15,5.030312e-15,9.141797e-15,1.730319e-14,3.573357e-14,8.671334e-14,2.903620e-13,2.132525e-12,1.955281e-10,1.436097e-09,2.326333e-10,2.690339e-10,1.128499e-09,1.998331e-08,5.285904e-08,3.153911e-09,6.042804e-10,2.819227e-10,2.444972e-10,3.548915e-10,9.132992e-10,5.083056e-09,5.980338e-08,2.425364e-08,3.239611e-09,2.065213e-09,5.456480e-09,4.827765e-08,4.004883e-08,4.357699e-09,1.080792e-09,5.359893e-10,4.488603e-10,6.003428e-10,1.319280e-09,5.499054e-09,4.398744e-08,3.850012e-08,5.419672e-09,1.526449e-09,9.200524e-10,1.055634e-09,2.234617e-09,9.267056e-09,5.372051e-08,3.225650e-08,5.440587e-09,1.490707e-09,6.875930e-10,4.774466e-10,4.697307e-10,6.420201e-10,1.244074e-09,3.672308e-09,1.761943e-08,5.606556e-08,1.994595e-08,4.281832e-09,1.442225e-09,7.640126e-10,5.906120e-10,6.372779e-10,9.462304e-10,1.970582e-09,6.064879e-09,2.598521e-08,5.134155e-08,1.782949e-08,4.482701e-09,1.572003e-09,7.786538e-10,5.134917e-10,4.324349e-10,4.543578e-10,5.909960e-10,9.600589e-10,2.005863e-09,5.646479e-09,2.064061e-08,4.820356e-08,2.589248e-08,7.447718e-09,2.517851e-09,1.144300e-09,6.773401e-10,5.025563e-10,4.552631e-10,4.959871e-10,6.466859e-10,1.015760e-09,1.961560e-09,4.802140e-09,1.474841e-08,3.996422e-08,3.837611e-08,1.464624e-08,4.910111e-09,1.999165e-09,1.020105e-09,6.348256e-10,4.690329e-10,4.035593e-10,3.993523e-10,4.515484e-10,5.830133e-10,8.649215e-10,1.495727e-09,3.082701e-09,7.691165e-09,2.144439e-08,4.230433e-08,3.255723e-08,1.336427e-08,5.065358e-09,2.224983e-09,1.170292e-09,7.253462e-10,5.192367e-10,4.225009e-10,3.863488e-10,3.940695e-10,4.466010e-10,5.622950e-10,7.898210e-10,1.249229e-09,2.257184e-09,4.729691e-09,1.136861e-08,2.714783e-08,4.137329e-08,2.936050e-08
